timeraw,date,player,change,elo,rank
1679765037,"Saturday, March 25, 2023 6:23 PM","Tigerfire77#SifS",30,1167,"Gold 3"
1679768349,"Saturday, March 25, 2023 7:19 PM","Tigerfire77#SifS",-13,1154,"Gold 3"
1679771621,"Saturday, March 25, 2023 8:13 PM","Tigerfire77#SifS",-18,1136,"Gold 3"
1680140031,"Thursday, March 30, 2023 3:33 AM","Tigerfire77#SifS",28,1164,"Gold 3"
1680142486,"Thursday, March 30, 2023 4:14 AM","Tigerfire77#SifS",15,1179,"Gold 3"
1680119314,"Wednesday, March 29, 2023 9:48 PM","S is for Salt#TF77",-21,1723,"Diamond 3"
1680121342,"Wednesday, March 29, 2023 10:22 PM","S is for Salt#TF77",20,1743,"Diamond 3"
1680123221,"Wednesday, March 29, 2023 10:53 PM","S is for Salt#TF77",-23,1720,"Diamond 3"
1680185064,"Thursday, March 30, 2023 4:04 PM","S is for Salt#TF77",21,1741,"Diamond 3"
1680195768,"Thursday, March 30, 2023 7:02 PM","S is for Salt#TF77",23,1764,"Diamond 3"
1680199994,"Thursday, March 30, 2023 8:13 PM","S is for Salt#TF77",20,1784,"Diamond 3"
1680232163,"Friday, March 31, 2023 5:09 AM","S is for Salt#TF77",17,1810,"Ascendant 1"
1680302113,"Saturday, April 1, 2023 12:35 AM","S is for Salt#TF77",-18,1800,"Ascendant 1"
1680304807,"Saturday, April 1, 2023 1:20 AM","S is for Salt#TF77",-23,1777,"Diamond 3"
1679886428,"Monday, March 27, 2023 5:07 AM","rin#jane",-18,703,"Silver 2"
1679968047,"Tuesday, March 28, 2023 3:47 AM","rin#jane",17,720,"Silver 2"
1679970296,"Tuesday, March 28, 2023 4:24 AM","rin#jane",26,746,"Silver 2"
1680140031,"Thursday, March 30, 2023 3:33 AM","rin#jane",21,767,"Silver 2"
1680142486,"Thursday, March 30, 2023 4:14 AM","rin#jane",13,780,"Silver 2"
1680322589,"Saturday, April 1, 2023 6:16 AM","rin#jane",-9,771,"Silver 2"
1680324969,"Saturday, April 1, 2023 6:56 AM","rin#jane",-23,748,"Silver 2"
1680048896,"Wednesday, March 29, 2023 2:14 AM","Raison163#NA1",19,1283,"Platinum 1"
1680052310,"Wednesday, March 29, 2023 3:11 AM","Raison163#NA1",-20,1263,"Platinum 1"
1680059106,"Wednesday, March 29, 2023 5:05 AM","Raison163#NA1",-18,1245,"Platinum 1"
1680140258,"Thursday, March 30, 2023 3:37 AM","Raison163#NA1",-22,1223,"Platinum 1"
1680142805,"Thursday, March 30, 2023 4:20 AM","Raison163#NA1",-15,1208,"Platinum 1"
1680145373,"Thursday, March 30, 2023 5:02 AM","Raison163#NA1",-20,1200,"Platinum 1"
1680219598,"Friday, March 31, 2023 1:39 AM","Raison163#NA1",-21,1179,"Gold 3"
1680226052,"Friday, March 31, 2023 3:27 AM","Raison163#NA1",28,1210,"Platinum 1"
1680281048,"Friday, March 31, 2023 6:44 PM","Raison163#NA1",-20,1200,"Platinum 1"
1680283877,"Friday, March 31, 2023 7:31 PM","Raison163#NA1",25,1225,"Platinum 1"
1680286008,"Friday, March 31, 2023 8:06 PM","Raison163#NA1",15,1240,"Platinum 1"
1680343607,"Saturday, April 1, 2023 12:06 PM","S is for Salt#TF77",-16,1761,"Diamond 3"
1680345959,"Saturday, April 1, 2023 12:45 PM","S is for Salt#TF77",20,1781,"Diamond 3"
1680350611,"Saturday, April 1, 2023 2:03 PM","S is for Salt#TF77",19,1810,"Ascendant 1"
1680041927,"Wednesday, March 29, 2023 12:18 AM","Phyzzl#2702",-18,1510,"Diamond 1"
1680044346,"Wednesday, March 29, 2023 12:59 AM","Phyzzl#2702",17,1527,"Diamond 1"
1680119314,"Wednesday, March 29, 2023 9:48 PM","Phyzzl#2702",-16,1511,"Diamond 1"
1680149787,"Thursday, March 30, 2023 6:16 AM","Phyzzl#2702",19,1530,"Diamond 1"
1680151960,"Thursday, March 30, 2023 6:52 AM","Phyzzl#2702",-21,1509,"Diamond 1"
1680154822,"Thursday, March 30, 2023 7:40 AM","Phyzzl#2702",17,1526,"Diamond 1"
1680157138,"Thursday, March 30, 2023 8:18 AM","Phyzzl#2702",20,1546,"Diamond 1"
1680159033,"Thursday, March 30, 2023 8:50 AM","Phyzzl#2702",16,1562,"Diamond 1"
1680161593,"Thursday, March 30, 2023 9:33 AM","Phyzzl#2702",18,1577,"Diamond 1"
1680164031,"Thursday, March 30, 2023 10:13 AM","Phyzzl#2702",18,1595,"Diamond 1"
1680165994,"Thursday, March 30, 2023 10:46 AM","Phyzzl#2702",-19,1576,"Diamond 1"
1680244830,"Friday, March 31, 2023 8:40 AM","Phyzzl#2702",-14,1562,"Diamond 1"
1680246989,"Friday, March 31, 2023 9:16 AM","Phyzzl#2702",-17,1545,"Diamond 1"
1680249907,"Friday, March 31, 2023 10:05 AM","Phyzzl#2702",-14,1531,"Diamond 1"
1679589005,"Thursday, March 23, 2023 5:30 PM","ninicoco1#NA1",-16,1000,"Gold 2"
1679884264,"Monday, March 27, 2023 4:31 AM","ninicoco1#NA1",-23,977,"Gold 1"
1680059106,"Wednesday, March 29, 2023 5:05 AM","ninicoco1#NA1",-15,962,"Gold 1"
1680140031,"Thursday, March 30, 2023 3:33 AM","ninicoco1#NA1",10,972,"Gold 1"
1680142486,"Thursday, March 30, 2023 4:14 AM","ninicoco1#NA1",24,996,"Gold 1"
1680202798,"Thursday, March 30, 2023 8:59 PM","ninicoco1#NA1",-20,976,"Gold 1"
1680204520,"Thursday, March 30, 2023 9:28 PM","ninicoco1#NA1",23,999,"Gold 1"
1680206775,"Thursday, March 30, 2023 10:06 PM","ninicoco1#NA1",-20,979,"Gold 1"
1680209863,"Thursday, March 30, 2023 10:57 PM","ninicoco1#NA1",-13,966,"Gold 1"
1680212049,"Thursday, March 30, 2023 11:34 PM","ninicoco1#NA1",-21,945,"Gold 1"
1680359218,"Saturday, April 1, 2023 4:26 PM","Tigerfire77#SifS",23,1210,"Platinum 1"
1679853190,"Sunday, March 26, 2023 7:53 PM","finx80#6969",17,2017,"Ascendant 3"
1679950149,"Monday, March 27, 2023 10:49 PM","finx80#6969",0,2017,"Ascendant 3"
1680136463,"Thursday, March 30, 2023 2:34 AM","finx80#6969",-19,2000,"Ascendant 3"
1680195768,"Thursday, March 30, 2023 7:02 PM","finx80#6969",17,2017,"Ascendant 3"
1680199994,"Thursday, March 30, 2023 8:13 PM","finx80#6969",17,2034,"Ascendant 3"
1679965835,"Tuesday, March 28, 2023 3:10 AM","Basil#007",-21,1079,"Gold 2"
1679967071,"Tuesday, March 28, 2023 3:31 AM","Basil#007",-21,1058,"Gold 2"
1679969297,"Tuesday, March 28, 2023 4:08 AM","Basil#007",16,1074,"Gold 2"
1680042829,"Wednesday, March 29, 2023 12:33 AM","Basil#007",-25,1049,"Gold 2"
1680044394,"Wednesday, March 29, 2023 12:59 AM","Basil#007",-13,1036,"Gold 2"
1680145373,"Thursday, March 30, 2023 5:02 AM","Basil#007",-8,1028,"Gold 2"
1680148226,"Thursday, March 30, 2023 5:50 AM","Basil#007",-20,1008,"Gold 2"
1680199386,"Thursday, March 30, 2023 8:03 PM","Basil#007",19,1027,"Gold 2"
1680202798,"Thursday, March 30, 2023 8:59 PM","Basil#007",-18,1009,"Gold 2"
1680204520,"Thursday, March 30, 2023 9:28 PM","Basil#007",14,1023,"Gold 2"
1680206775,"Thursday, March 30, 2023 10:06 PM","Basil#007",-18,1005,"Gold 2"
1680219598,"Friday, March 31, 2023 1:39 AM","Basil#007",-21,1000,"Gold 2"
1680363769,"Saturday, April 1, 2023 5:42 PM","S is for Salt#TF77",20,1830,"Ascendant 1"
1680363769,"Saturday, April 1, 2023 5:42 PM","finx80#6969",16,2050,"Ascendant 3"
1680373595,"Saturday, April 1, 2023 8:26 PM","S is for Salt#TF77",16,1846,"Ascendant 1"
1679636006,"Friday, March 24, 2023 6:33 AM","Ouress#NA2",17,1752,"Diamond 3"
1679704513,"Saturday, March 25, 2023 1:35 AM","Ouress#NA2",-14,1738,"Diamond 3"
1679706986,"Saturday, March 25, 2023 2:16 AM","Ouress#NA2",17,1755,"Diamond 3"
1679773797,"Saturday, March 25, 2023 8:49 PM","Ouress#NA2",25,1780,"Diamond 3"
1679778033,"Saturday, March 25, 2023 10:00 PM","Ouress#NA2",-12,1768,"Diamond 3"
1679780118,"Saturday, March 25, 2023 10:35 PM","Ouress#NA2",14,1782,"Diamond 3"
1680119314,"Wednesday, March 29, 2023 9:48 PM","Ouress#NA2",-18,1764,"Diamond 3"
1680121342,"Wednesday, March 29, 2023 10:22 PM","Ouress#NA2",25,1789,"Diamond 3"
1680123221,"Wednesday, March 29, 2023 10:53 PM","Ouress#NA2",-15,1774,"Diamond 3"
1680302113,"Saturday, April 1, 2023 12:35 AM","Ouress#NA2",-14,1760,"Diamond 3"
1680304807,"Saturday, April 1, 2023 1:20 AM","Ouress#NA2",-18,1742,"Diamond 3"
1679937486,"Monday, March 27, 2023 7:18 PM","Baman#0000",26,910,"Gold 1"
1679939571,"Monday, March 27, 2023 7:52 PM","Baman#0000",16,926,"Gold 1"
1680142805,"Thursday, March 30, 2023 4:20 AM","Baman#0000",-15,911,"Gold 1"
1680145373,"Thursday, March 30, 2023 5:02 AM","Baman#0000",-21,900,"Gold 1"
1680200416,"Thursday, March 30, 2023 8:20 PM","Baman#0000",31,931,"Gold 1"
1680202798,"Thursday, March 30, 2023 8:59 PM","Baman#0000",-24,907,"Gold 1"
1680380104,"Saturday, April 1, 2023 10:15 PM","S is for Salt#TF77",19,1865,"Ascendant 1"
1680380104,"Saturday, April 1, 2023 10:15 PM","Ouress#NA2",21,1763,"Diamond 3"
1680384554,"Saturday, April 1, 2023 11:29 PM","S is for Salt#TF77",17,1882,"Ascendant 1"
1680384554,"Saturday, April 1, 2023 11:29 PM","finx80#6969",17,2067,"Ascendant 3"
1680384554,"Saturday, April 1, 2023 11:29 PM","Ouress#NA2",20,1783,"Diamond 3"
1680386740,"Sunday, April 2, 2023 12:05 AM","S is for Salt#TF77",-25,1857,"Ascendant 1"
1680386740,"Sunday, April 2, 2023 12:05 AM","finx80#6969",-23,2044,"Ascendant 3"
1680386740,"Sunday, April 2, 2023 12:05 AM","Ouress#NA2",-20,1763,"Diamond 3"
1680388657,"Sunday, April 2, 2023 12:37 AM","S is for Salt#TF77",18,1875,"Ascendant 1"
1680388657,"Sunday, April 2, 2023 12:37 AM","finx80#6969",19,2060,"Ascendant 3"
1680388657,"Sunday, April 2, 2023 12:37 AM","Ouress#NA2",25,1788,"Diamond 3"
1680391212,"Sunday, April 2, 2023 1:20 AM","S is for Salt#TF77",-19,1856,"Ascendant 1"
1680391212,"Sunday, April 2, 2023 1:20 AM","Ouress#NA2",-17,1771,"Diamond 3"
1680401788,"Sunday, April 2, 2023 4:16 AM","finx80#6969",17,2077,"Ascendant 3"
1680403897,"Sunday, April 2, 2023 4:51 AM","Basil#007",32,1032,"Gold 2"
1680406138,"Sunday, April 2, 2023 5:28 AM","Basil#007",19,1051,"Gold 2"
1680408238,"Sunday, April 2, 2023 6:03 AM","Basil#007",17,1068,"Gold 2"
1680410110,"Sunday, April 2, 2023 6:35 AM","Basil#007",-23,1045,"Gold 2"
1680449478,"Sunday, April 2, 2023 5:31 PM","finx80#6969",-19,2058,"Ascendant 3"
1680462721,"Sunday, April 2, 2023 9:12 PM","Raison163#NA1",24,1264,"Platinum 1"
1680465847,"Sunday, April 2, 2023 10:04 PM","finx80#6969",17,2075,"Ascendant 3"
1680468351,"Sunday, April 2, 2023 10:45 PM","S is for Salt#TF77",19,1875,"Ascendant 1"
1680468351,"Sunday, April 2, 2023 10:45 PM","finx80#6969",20,2095,"Ascendant 3"
1680469778,"Sunday, April 2, 2023 11:09 PM","S is for Salt#TF77",20,1895,"Ascendant 1"
1680469778,"Sunday, April 2, 2023 11:09 PM","finx80#6969",19,2114,"Immortal 1"
1680472366,"Sunday, April 2, 2023 11:52 PM","S is for Salt#TF77",17,1912,"Ascendant 2"
1680472366,"Sunday, April 2, 2023 11:52 PM","Phyzzl#2702",22,1553,"Diamond 1"
1680473714,"Monday, April 3, 2023 12:15 AM","Raison163#NA1",-23,1241,"Platinum 1"
1680474903,"Monday, April 3, 2023 12:35 AM","rin#jane",-23,725,"Silver 2"
1680484170,"Monday, April 3, 2023 3:09 AM","Raison163#NA1",15,1256,"Platinum 1"
1680494745,"Monday, April 3, 2023 6:05 AM","S is for Salt#TF77",15,1927,"Ascendant 2"
1680497399,"Monday, April 3, 2023 6:49 AM","S is for Salt#TF77",15,1942,"Ascendant 2"
1680501257,"Monday, April 3, 2023 7:54 AM","S is for Salt#TF77",19,1961,"Ascendant 2"
1680506231,"Monday, April 3, 2023 9:17 AM","S is for Salt#TF77",-25,1936,"Ascendant 2"
1680508578,"Monday, April 3, 2023 9:56 AM","S is for Salt#TF77",-20,1916,"Ascendant 2"
1680511102,"Monday, April 3, 2023 10:38 AM","S is for Salt#TF77",-19,1900,"Ascendant 2"
1680529827,"Monday, April 3, 2023 3:50 PM","finx80#6969",0,2114,"Immortal 1"
1680543126,"Monday, April 3, 2023 7:32 PM","Basil#007",14,1059,"Gold 2"
1680547201,"Monday, April 3, 2023 8:40 PM","S is for Salt#TF77",18,1918,"Ascendant 2"
1680547201,"Monday, April 3, 2023 8:40 PM","finx80#6969",19,2133,"Immortal 1"
1680549029,"Monday, April 3, 2023 9:10 PM","S is for Salt#TF77",-22,1900,"Ascendant 2"
1680549029,"Monday, April 3, 2023 9:10 PM","finx80#6969",-23,2110,"Immortal 1"
1680551889,"Monday, April 3, 2023 9:58 PM","S is for Salt#TF77",-18,1882,"Ascendant 1"
1680554140,"Monday, April 3, 2023 10:35 PM","S is for Salt#TF77",15,1897,"Ascendant 1"
1680561195,"Tuesday, April 4, 2023 12:33 AM","Basil#007",-23,1036,"Gold 2"
1680574874,"Tuesday, April 4, 2023 4:21 AM","Basil#007",-18,1018,"Gold 2"
1680577948,"Tuesday, April 4, 2023 5:12 AM","Basil#007",17,1035,"Gold 2"
1680606352,"Tuesday, April 4, 2023 1:05 PM","S is for Salt#TF77",17,1914,"Ascendant 2"
1680619341,"Tuesday, April 4, 2023 4:42 PM","S is for Salt#TF77",17,1931,"Ascendant 2"
1680623567,"Tuesday, April 4, 2023 5:52 PM","S is for Salt#TF77",18,1949,"Ascendant 2"
1680623567,"Tuesday, April 4, 2023 5:52 PM","finx80#6969",18,2128,"Immortal 1"
1680625640,"Tuesday, April 4, 2023 6:27 PM","S is for Salt#TF77",14,1963,"Ascendant 2"
1680626269,"Tuesday, April 4, 2023 6:37 PM","ninicoco1#NA1",14,956,"Gold 1"
1680632645,"Tuesday, April 4, 2023 8:24 PM","S is for Salt#TF77",15,1978,"Ascendant 2"
1680637602,"Tuesday, April 4, 2023 9:46 PM","S is for Salt#TF77",18,1996,"Ascendant 2"
1680639281,"Tuesday, April 4, 2023 10:14 PM","S is for Salt#TF77",17,2013,"Ascendant 3"
1680639281,"Tuesday, April 4, 2023 10:14 PM","finx80#6969",20,2148,"Immortal 1"
1680655384,"Wednesday, April 5, 2023 2:43 AM","S is for Salt#TF77",-20,2000,"Ascendant 3"
1680657432,"Wednesday, April 5, 2023 3:17 AM","S is for Salt#TF77",-20,1980,"Ascendant 2"
1680658428,"Wednesday, April 5, 2023 3:33 AM","Raison163#NA1",26,1282,"Platinum 1"
1680658351,"Wednesday, April 5, 2023 3:32 AM","Phyzzl#2702",-22,1531,"Diamond 1"
1680657432,"Wednesday, April 5, 2023 3:17 AM","finx80#6969",-21,2127,"Immortal 1"
1680660524,"Wednesday, April 5, 2023 4:08 AM","Phyzzl#2702",-18,1513,"Diamond 1"
1680661492,"Wednesday, April 5, 2023 4:24 AM","Basil#007",23,1058,"Gold 2"
1680663397,"Wednesday, April 5, 2023 4:56 AM","Phyzzl#2702",-19,1500,"Diamond 1"
1680663243,"Wednesday, April 5, 2023 4:54 AM","Basil#007",22,1080,"Gold 2"
1680663243,"Wednesday, April 5, 2023 4:54 AM","Baman#0000",22,929,"Gold 1"
1680665515,"Wednesday, April 5, 2023 5:31 AM","Phyzzl#2702",-21,1479,"Platinum 3"
1680665689,"Wednesday, April 5, 2023 5:34 AM","Basil#007",-19,1061,"Gold 2"
1680665689,"Wednesday, April 5, 2023 5:34 AM","Baman#0000",-10,919,"Gold 1"
1680727997,"Wednesday, April 5, 2023 10:53 PM","finx80#6969",17,2144,"Immortal 1"
1680737223,"Thursday, April 6, 2023 1:27 AM","Baman#0000",13,932,"Gold 1"
1680739754,"Thursday, April 6, 2023 2:09 AM","Raison163#NA1",27,1310,"Platinum 2"
1680739469,"Thursday, April 6, 2023 2:04 AM","Phyzzl#2702",14,1493,"Platinum 3"
1680739754,"Thursday, April 6, 2023 2:09 AM","Baman#0000",32,964,"Gold 1"
1680741766,"Thursday, April 6, 2023 2:42 AM","Baman#0000",0,964,"Gold 1"
1680744869,"Thursday, April 6, 2023 3:34 AM","S is for Salt#TF77",-20,1960,"Ascendant 2"
1680744616,"Thursday, April 6, 2023 3:30 AM","Phyzzl#2702",21,1514,"Diamond 1"
1680745318,"Thursday, April 6, 2023 3:41 AM","Basil#007",19,1080,"Gold 2"
1680745318,"Thursday, April 6, 2023 3:41 AM","Baman#0000",20,984,"Gold 1"
1680747906,"Thursday, April 6, 2023 4:25 AM","Basil#007",-23,1057,"Gold 2"
1680747906,"Thursday, April 6, 2023 4:25 AM","Baman#0000",-16,968,"Gold 1"
1680760521,"Thursday, April 6, 2023 7:55 AM","S is for Salt#TF77",-23,1937,"Ascendant 2"
1680764133,"Thursday, April 6, 2023 8:55 AM","Phyzzl#2702",18,1532,"Diamond 1"
1680766694,"Thursday, April 6, 2023 9:38 AM","Phyzzl#2702",19,1551,"Diamond 1"
1680769222,"Thursday, April 6, 2023 10:20 AM","Phyzzl#2702",-20,1531,"Diamond 1"
1680773647,"Thursday, April 6, 2023 11:34 AM","S is for Salt#TF77",-20,1917,"Ascendant 2"
1680776054,"Thursday, April 6, 2023 12:14 PM","S is for Salt#TF77",19,1936,"Ascendant 2"
1680777896,"Thursday, April 6, 2023 12:44 PM","S is for Salt#TF77",-21,1915,"Ascendant 2"
1680780412,"Thursday, April 6, 2023 1:26 PM","S is for Salt#TF77",-19,1900,"Ascendant 2"
1680819364,"Friday, April 7, 2023 12:16 AM","Basil#007",23,1080,"Gold 2"
1680819364,"Friday, April 7, 2023 12:16 AM","Baman#0000",13,981,"Gold 1"
1680821450,"Friday, April 7, 2023 12:50 AM","Basil#007",14,1094,"Gold 2"
1680821450,"Friday, April 7, 2023 12:50 AM","Baman#0000",24,1010,"Gold 2"
1680824343,"Friday, April 7, 2023 1:39 AM","S is for Salt#TF77",18,1918,"Ascendant 2"
1680824343,"Friday, April 7, 2023 1:39 AM","finx80#6969",18,2162,"Immortal 1"
1680828185,"Friday, April 7, 2023 2:43 AM","S is for Salt#TF77",17,1935,"Ascendant 2"
1680828185,"Friday, April 7, 2023 2:43 AM","finx80#6969",15,2174,"Immortal 1"
1680831429,"Friday, April 7, 2023 3:37 AM","S is for Salt#TF77",-18,1917,"Ascendant 2"
1680831429,"Friday, April 7, 2023 3:37 AM","Phyzzl#2702",-14,1517,"Diamond 1"
1680831429,"Friday, April 7, 2023 3:37 AM","Baman#0000",-14,1000,"Gold 2"
1680834343,"Friday, April 7, 2023 4:25 AM","Phyzzl#2702",-13,1504,"Diamond 1"
1680834968,"Friday, April 7, 2023 4:36 AM","Raison163#NA1",-14,1300,"Platinum 2"
1680834968,"Friday, April 7, 2023 4:36 AM","ninicoco1#NA1",-10,946,"Gold 1"
1680835490,"Friday, April 7, 2023 4:44 AM","Ouress#NA2",22,1793,"Diamond 3"
1680834968,"Friday, April 7, 2023 4:36 AM","Baman#0000",-13,987,"Gold 1"
1680838036,"Friday, April 7, 2023 5:27 AM","S is for Salt#TF77",-14,1903,"Ascendant 2"
1680838036,"Friday, April 7, 2023 5:27 AM","Phyzzl#2702",-11,1500,"Diamond 1"
1680838036,"Friday, April 7, 2023 5:27 AM","Ouress#NA2",-14,1779,"Diamond 3"
1680840995,"Friday, April 7, 2023 6:16 AM","S is for Salt#TF77",14,1917,"Ascendant 2"
1680840995,"Friday, April 7, 2023 6:16 AM","Phyzzl#2702",15,1515,"Diamond 1"
1680840995,"Friday, April 7, 2023 6:16 AM","Ouress#NA2",15,1794,"Diamond 3"
1680893637,"Friday, April 7, 2023 8:53 PM","S is for Salt#TF77",-16,1901,"Ascendant 2"
1680893637,"Friday, April 7, 2023 8:53 PM","finx80#6969",-19,2155,"Immortal 1"
1680895843,"Friday, April 7, 2023 9:30 PM","S is for Salt#TF77",17,1918,"Ascendant 2"
1680911731,"Saturday, April 8, 2023 1:55 AM","S is for Salt#TF77",12,1930,"Ascendant 2"
1680911731,"Saturday, April 8, 2023 1:55 AM","Phyzzl#2702",10,1525,"Diamond 1"
1680912466,"Saturday, April 8, 2023 2:07 AM","Basil#007",-18,1076,"Gold 2"
1680482350,"Monday, April 3, 2023 2:39 AM","pickle#169",-14,1515,"Diamond 1"
1680485550,"Monday, April 3, 2023 3:32 AM","pickle#169",18,1533,"Diamond 1"
1680835490,"Friday, April 7, 2023 4:44 AM","pickle#169",23,1556,"Diamond 1"
1680838036,"Friday, April 7, 2023 5:27 AM","pickle#169",-11,1545,"Diamond 1"
1680840995,"Friday, April 7, 2023 6:16 AM","pickle#169",17,1562,"Diamond 1"
1680898514,"Friday, April 7, 2023 10:15 PM","pickle#169",-15,1547,"Diamond 1"
1680901273,"Friday, April 7, 2023 11:01 PM","pickle#169",24,1571,"Diamond 1"
1680904703,"Friday, April 7, 2023 11:58 PM","pickle#169",-17,1554,"Diamond 1"
1680911731,"Saturday, April 8, 2023 1:55 AM","pickle#169",14,1568,"Diamond 1"
1680973549,"Saturday, April 8, 2023 7:05 PM","Raison163#NA1",17,1317,"Platinum 2"
1680973549,"Saturday, April 8, 2023 7:05 PM","ninicoco1#NA1",26,972,"Gold 1"
1680989651,"Saturday, April 8, 2023 11:34 PM","Raison163#NA1",26,1343,"Platinum 2"
1680989651,"Saturday, April 8, 2023 11:34 PM","Basil#007",20,1096,"Gold 2"
1680992040,"Sunday, April 9, 2023 12:14 AM","Raison163#NA1",-16,1327,"Platinum 2"
1680992040,"Sunday, April 9, 2023 12:14 AM","Basil#007",-16,1080,"Gold 2"
1681004369,"Sunday, April 9, 2023 3:39 AM","ninicoco1#NA1",-21,951,"Gold 1"
1681012630,"Sunday, April 9, 2023 5:57 AM","Phyzzl#2702",19,1544,"Diamond 1"
1681015717,"Sunday, April 9, 2023 6:48 AM","Phyzzl#2702",17,1561,"Diamond 1"
1681098217,"Monday, April 10, 2023 5:43 AM","Basil#007",14,1094,"Gold 2"
1681100852,"Monday, April 10, 2023 6:27 AM","Basil#007",-22,1072,"Gold 2"
1681156676,"Monday, April 10, 2023 9:57 PM","Basil#007",15,1087,"Gold 2"
1681159526,"Monday, April 10, 2023 10:45 PM","Basil#007",20,1110,"Gold 3"
1681161582,"Monday, April 10, 2023 11:19 PM","Basil#007",-22,1100,"Gold 3"
1681167343,"Tuesday, April 11, 2023 12:55 AM","S is for Salt#TF77",18,1948,"Ascendant 2"
1681167343,"Tuesday, April 11, 2023 12:55 AM","finx80#6969",16,2171,"Immortal 1"
1681168477,"Tuesday, April 11, 2023 1:14 AM","rin#jane",10,735,"Silver 2"
1681169482,"Tuesday, April 11, 2023 1:31 AM","S is for Salt#TF77",-21,1927,"Ascendant 2"
1681169482,"Tuesday, April 11, 2023 1:31 AM","finx80#6969",-19,2152,"Immortal 1"
1681174927,"Tuesday, April 11, 2023 3:02 AM","rin#jane",18,753,"Silver 2"
1681180991,"Tuesday, April 11, 2023 4:43 AM","Ouress#NA2",-21,1773,"Diamond 3"
1681182425,"Tuesday, April 11, 2023 5:07 AM","Ouress#NA2",-23,1750,"Diamond 3"
1681184048,"Tuesday, April 11, 2023 5:34 AM","Ouress#NA2",-13,1737,"Diamond 3"
1681214330,"Tuesday, April 11, 2023 1:58 PM","finx80#6969",-21,2131,"Immortal 1"
1681238760,"Tuesday, April 11, 2023 8:46 PM","S is for Salt#TF77",-16,1911,"Ascendant 2"
1681247640,"Tuesday, April 11, 2023 11:14 PM","S is for Salt#TF77",-22,1900,"Ascendant 2"
1681250233,"Tuesday, April 11, 2023 11:57 PM","Raison163#NA1",-18,1309,"Platinum 2"
1681250233,"Tuesday, April 11, 2023 11:57 PM","Basil#007",-22,1078,"Gold 2"
1681252041,"Wednesday, April 12, 2023 12:27 AM","Basil#007",-21,1057,"Gold 2"
1681263504,"Wednesday, April 12, 2023 3:38 AM","rin#jane",-9,744,"Silver 2"
1681266117,"Wednesday, April 12, 2023 4:21 AM","rin#jane",30,774,"Silver 2"
1681283540,"Wednesday, April 12, 2023 9:12 AM","Phyzzl#2702",-24,1537,"Diamond 1"
1681285138,"Wednesday, April 12, 2023 9:38 AM","Phyzzl#2702",-22,1515,"Diamond 1"
1681286699,"Wednesday, April 12, 2023 10:04 AM","Phyzzl#2702",27,1542,"Diamond 1"
1681292702,"Wednesday, April 12, 2023 11:45 AM","S is for Salt#TF77",19,1919,"Ascendant 2"
1681295140,"Wednesday, April 12, 2023 12:25 PM","S is for Salt#TF77",17,1936,"Ascendant 2"
1681300781,"Wednesday, April 12, 2023 1:59 PM","S is for Salt#TF77",-20,1916,"Ascendant 2"
1681303665,"Wednesday, April 12, 2023 2:47 PM","Baman#0000",30,1017,"Gold 2"
1681303392,"Wednesday, April 12, 2023 2:43 PM","S is for Salt#TF77",16,1932,"Ascendant 2"
1681306492,"Wednesday, April 12, 2023 3:34 PM","S is for Salt#TF77",-22,1910,"Ascendant 2"
1681305725,"Wednesday, April 12, 2023 3:22 PM","ninicoco1#NA1",-30,921,"Gold 1"
1681305725,"Wednesday, April 12, 2023 3:22 PM","Baman#0000",-23,1000,"Gold 2"
1681309439,"Wednesday, April 12, 2023 4:23 PM","ninicoco1#NA1",-8,913,"Gold 1"
1681312554,"Wednesday, April 12, 2023 5:15 PM","ninicoco1#NA1",20,933,"Gold 1"
1681315329,"Wednesday, April 12, 2023 6:02 PM","ninicoco1#NA1",10,943,"Gold 1"
1681318938,"Wednesday, April 12, 2023 7:02 PM","S is for Salt#TF77",17,1927,"Ascendant 2"
1681346627,"Thursday, April 13, 2023 2:43 AM","Tigerfire77#SifS",16,1226,"Platinum 1"
1681351947,"Thursday, April 13, 2023 4:12 AM","rin#jane",21,795,"Silver 2"
1681354135,"Thursday, April 13, 2023 4:48 AM","rin#jane",-22,773,"Silver 2"
1681369674,"Thursday, April 13, 2023 9:07 AM","Basil#007",12,1069,"Gold 2"
1681372020,"Thursday, April 13, 2023 9:46 AM","Basil#007",27,1096,"Gold 2"
1681373968,"Thursday, April 13, 2023 10:19 AM","Basil#007",13,1110,"Gold 3"
1681424684,"Friday, April 14, 2023 12:24 AM","Baman#0000",-11,989,"Gold 1"
1681428536,"Friday, April 14, 2023 1:28 AM","Baman#0000",-22,967,"Gold 1"
1681433883,"Friday, April 14, 2023 2:58 AM","Phyzzl#2702",-23,1519,"Diamond 1"
1681441068,"Friday, April 14, 2023 4:57 AM","Phyzzl#2702",-22,1500,"Diamond 1"
1681441099,"Friday, April 14, 2023 4:58 AM","Basil#007",-15,1100,"Gold 3"
1681441099,"Friday, April 14, 2023 4:58 AM","Raison163#NA1",-27,1300,"Platinum 2"
1681498878,"Friday, April 14, 2023 9:01 PM","Raison163#NA1",-14,1286,"Platinum 1"
1681501611,"Friday, April 14, 2023 9:46 PM","Raison163#NA1",19,1310,"Platinum 2"
1681506969,"Friday, April 14, 2023 11:16 PM","S is for Salt#TF77",-18,1909,"Ascendant 2"
1681506969,"Friday, April 14, 2023 11:16 PM","finx80#6969",-17,2114,"Immortal 1"
1681509427,"Friday, April 14, 2023 11:57 PM","S is for Salt#TF77",-19,1900,"Ascendant 2"
1681509427,"Friday, April 14, 2023 11:57 PM","finx80#6969",-23,2100,"Immortal 1"
1681518916,"Saturday, April 15, 2023 2:35 AM","rin#jane",-13,760,"Silver 2"
1681521423,"Saturday, April 15, 2023 3:17 AM","rin#jane",-24,736,"Silver 2"
1681523391,"Saturday, April 15, 2023 3:49 AM","Raison163#NA1",13,1323,"Platinum 2"
1681523391,"Saturday, April 15, 2023 3:49 AM","ninicoco1#NA1",36,979,"Gold 1"
1681526011,"Saturday, April 15, 2023 4:33 AM","Raison163#NA1",-17,1306,"Platinum 2"
1681526011,"Saturday, April 15, 2023 4:33 AM","ninicoco1#NA1",-20,959,"Gold 1"
1681537023,"Saturday, April 15, 2023 7:37 AM","Phyzzl#2702",-17,1483,"Platinum 3"
1681539066,"Saturday, April 15, 2023 8:11 AM","Phyzzl#2702",-27,1456,"Platinum 3"
1681541140,"Saturday, April 15, 2023 8:45 AM","Phyzzl#2702",-18,1438,"Platinum 3"
1681554512,"Saturday, April 15, 2023 12:28 PM","finx80#6969",17,2117,"Immortal 1"
1681589578,"Saturday, April 15, 2023 10:12 PM","S is for Salt#TF77",17,1917,"Ascendant 2"
1681595865,"Saturday, April 15, 2023 11:57 PM","Basil#007",-10,1090,"Gold 2"
1681595865,"Saturday, April 15, 2023 11:57 PM","Raison163#NA1",-20,1300,"Platinum 2"
1681599084,"Sunday, April 16, 2023 12:51 AM","Raison163#NA1",20,1320,"Platinum 2"
1681599084,"Sunday, April 16, 2023 12:51 AM","Basil#007",17,1110,"Gold 3"
1681614947,"Sunday, April 16, 2023 5:15 AM","rin#jane",-7,729,"Silver 2"
1681622341,"Sunday, April 16, 2023 7:19 AM","Phyzzl#2702",27,1465,"Platinum 3"
1681624695,"Sunday, April 16, 2023 7:58 AM","Phyzzl#2702",15,1480,"Platinum 3"
1681628019,"Sunday, April 16, 2023 8:53 AM","Phyzzl#2702",20,1510,"Diamond 1"
1681630474,"Sunday, April 16, 2023 9:34 AM","Phyzzl#2702",18,1528,"Diamond 1"
1681642245,"Sunday, April 16, 2023 12:50 PM","finx80#6969",19,2136,"Immortal 1"
1681690437,"Monday, April 17, 2023 12:13 AM","Phyzzl#2702",17,1545,"Diamond 1"
1681693040,"Monday, April 17, 2023 12:57 AM","Phyzzl#2702",20,1565,"Diamond 1"
1681693145,"Monday, April 17, 2023 12:59 AM","ninicoco1#NA1",0,959,"Gold 1"
1681694582,"Monday, April 17, 2023 1:23 AM","Phyzzl#2702",21,1586,"Diamond 1"
1681697055,"Monday, April 17, 2023 2:04 AM","Phyzzl#2702",-21,1565,"Diamond 1"
1681699351,"Monday, April 17, 2023 2:42 AM","Phyzzl#2702",16,1581,"Diamond 1"
1681701759,"Monday, April 17, 2023 3:22 AM","Phyzzl#2702",15,1596,"Diamond 1"
1681704728,"Monday, April 17, 2023 4:12 AM","Phyzzl#2702",22,1618,"Diamond 2"
1681706586,"Monday, April 17, 2023 4:43 AM","Phyzzl#2702",20,1638,"Diamond 2"
1681708342,"Monday, April 17, 2023 5:12 AM","Phyzzl#2702",20,1658,"Diamond 2"
1681710182,"Monday, April 17, 2023 5:43 AM","Phyzzl#2702",-18,1640,"Diamond 2"
1681741150,"Monday, April 17, 2023 2:19 PM","finx80#6969",-20,2116,"Immortal 1"
1681754249,"Monday, April 17, 2023 5:57 PM","S is for Salt#TF77",16,1933,"Ascendant 2"
1681754249,"Monday, April 17, 2023 5:57 PM","finx80#6969",17,2133,"Immortal 1"
1681757010,"Monday, April 17, 2023 6:43 PM","S is for Salt#TF77",-18,1915,"Ascendant 2"
1681757010,"Monday, April 17, 2023 6:43 PM","finx80#6969",-20,2113,"Immortal 1"
1681781751,"Tuesday, April 18, 2023 1:35 AM","Baman#0000",-22,945,"Gold 1"
1681785681,"Tuesday, April 18, 2023 2:41 AM","Raison163#NA1",-21,1300,"Platinum 2"
1681785681,"Tuesday, April 18, 2023 2:41 AM","Basil#007",-20,1100,"Gold 3"
1681799641,"Tuesday, April 18, 2023 6:34 AM","finx80#6969",17,2130,"Immortal 1"
1681857857,"Tuesday, April 18, 2023 10:44 PM","S is for Salt#TF77",-22,1900,"Ascendant 2"
1681859569,"Tuesday, April 18, 2023 11:12 PM","S is for Salt#TF77",17,1917,"Ascendant 2"
1681866570,"Wednesday, April 19, 2023 1:09 AM","Phyzzl#2702",-20,1620,"Diamond 2"
1681869360,"Wednesday, April 19, 2023 1:56 AM","Phyzzl#2702",21,1641,"Diamond 2"
1681871199,"Wednesday, April 19, 2023 2:26 AM","Phyzzl#2702",13,1654,"Diamond 2"
1681875420,"Wednesday, April 19, 2023 3:36 AM","S is for Salt#TF77",22,1939,"Ascendant 2"
1681874875,"Wednesday, April 19, 2023 3:27 AM","Phyzzl#2702",-18,1636,"Diamond 2"
1681875420,"Wednesday, April 19, 2023 3:36 AM","Ouress#NA2",19,1756,"Diamond 3"
1681877612,"Wednesday, April 19, 2023 4:13 AM","S is for Salt#TF77",-18,1921,"Ascendant 2"
1681877865,"Wednesday, April 19, 2023 4:17 AM","Phyzzl#2702",22,1658,"Diamond 2"
1681877612,"Wednesday, April 19, 2023 4:13 AM","Ouress#NA2",-14,1742,"Diamond 3"
1681880159,"Wednesday, April 19, 2023 4:55 AM","Phyzzl#2702",18,1676,"Diamond 2"
1681881860,"Wednesday, April 19, 2023 5:24 AM","Phyzzl#2702",15,1691,"Diamond 2"
1681884102,"Wednesday, April 19, 2023 6:01 AM","Tigerfire77#SifS",-19,1207,"Platinum 1"
1681884711,"Wednesday, April 19, 2023 6:11 AM","Phyzzl#2702",-23,1668,"Diamond 2"
1681885341,"Wednesday, April 19, 2023 6:22 AM","Basil#007",12,1112,"Gold 3"
1681886725,"Wednesday, April 19, 2023 6:45 AM","Tigerfire77#SifS",-18,1200,"Platinum 1"
1681888190,"Wednesday, April 19, 2023 7:09 AM","Phyzzl#2702",16,1684,"Diamond 2"
1681887759,"Wednesday, April 19, 2023 7:02 AM","Basil#007",-23,1100,"Gold 3"
1681889661,"Wednesday, April 19, 2023 7:34 AM","Basil#007",-28,1072,"Gold 2"
1681890510,"Wednesday, April 19, 2023 7:48 AM","Phyzzl#2702",-19,1665,"Diamond 2"
1681920983,"Wednesday, April 19, 2023 4:16 PM","S is for Salt#TF77",20,1941,"Ascendant 2"
1681922476,"Wednesday, April 19, 2023 4:41 PM","S is for Salt#TF77",-21,1920,"Ascendant 2"
1681924980,"Wednesday, April 19, 2023 5:22 PM","S is for Salt#TF77",-21,1900,"Ascendant 2"
1681928907,"Wednesday, April 19, 2023 6:28 PM","S is for Salt#TF77",-20,1880,"Ascendant 1"
1681928907,"Wednesday, April 19, 2023 6:28 PM","finx80#6969",-22,2108,"Immortal 1"
1681930951,"Wednesday, April 19, 2023 7:02 PM","S is for Salt#TF77",16,1896,"Ascendant 1"
1681948486,"Wednesday, April 19, 2023 11:54 PM","S is for Salt#TF77",17,1913,"Ascendant 2"
1681951364,"Thursday, April 20, 2023 12:42 AM","S is for Salt#TF77",16,1929,"Ascendant 2"
1681951504,"Thursday, April 20, 2023 12:45 AM","ninicoco1#NA1",18,977,"Gold 1"
1681959707,"Thursday, April 20, 2023 3:01 AM","rin#jane",-25,704,"Silver 2"
1681960583,"Thursday, April 20, 2023 3:16 AM","Phyzzl#2702",20,1685,"Diamond 2"
1681959228,"Thursday, April 20, 2023 2:53 AM","ninicoco1#NA1",16,993,"Gold 1"
1681959228,"Thursday, April 20, 2023 2:53 AM","Basil#007",10,1082,"Gold 2"
1681962159,"Thursday, April 20, 2023 3:42 AM","Phyzzl#2702",18,1710,"Diamond 3"
1681961839,"Thursday, April 20, 2023 3:37 AM","Basil#007",-12,1070,"Gold 2"
1681961774,"Thursday, April 20, 2023 3:36 AM","S is for Salt#TF77",14,1943,"Ascendant 2"
1681964645,"Thursday, April 20, 2023 4:24 AM","Phyzzl#2702",25,1735,"Diamond 3"
1681967056,"Thursday, April 20, 2023 5:04 AM","Phyzzl#2702",22,1757,"Diamond 3"
1681969035,"Thursday, April 20, 2023 5:37 AM","Phyzzl#2702",16,1773,"Diamond 3"
1681970926,"Thursday, April 20, 2023 6:08 AM","S is for Salt#TF77",21,1964,"Ascendant 2"
1681972719,"Thursday, April 20, 2023 6:38 AM","S is for Salt#TF77",-19,1945,"Ascendant 2"
1681972719,"Thursday, April 20, 2023 6:38 AM","Phyzzl#2702",-20,1753,"Diamond 3"
1682014050,"Thursday, April 20, 2023 6:07 PM","S is for Salt#TF77",-19,1926,"Ascendant 2"
1682053018,"Friday, April 21, 2023 4:56 AM","Basil#007",-9,1061,"Gold 2"
1682055196,"Friday, April 21, 2023 5:33 AM","rin#jane",25,729,"Silver 2"
1682055540,"Friday, April 21, 2023 5:39 AM","Basil#007",-23,1038,"Gold 2"
1682057014,"Friday, April 21, 2023 6:03 AM","Basil#007",-22,1016,"Gold 2"
1682059325,"Friday, April 21, 2023 6:42 AM","rin#jane",-9,720,"Silver 2"
1682063334,"Friday, April 21, 2023 7:48 AM","finx80#6969",-21,2100,"Immortal 1"
1682077093,"Friday, April 21, 2023 11:38 AM","S is for Salt#TF77",-19,1907,"Ascendant 2"
1682077093,"Friday, April 21, 2023 11:38 AM","finx80#6969",-19,2081,"Ascendant 3"
1682079070,"Friday, April 21, 2023 12:11 PM","S is for Salt#TF77",15,1922,"Ascendant 2"
1682079070,"Friday, April 21, 2023 12:11 PM","finx80#6969",17,2098,"Ascendant 3"
1682081747,"Friday, April 21, 2023 12:55 PM","S is for Salt#TF77",-20,1902,"Ascendant 2"
1682081747,"Friday, April 21, 2023 12:55 PM","finx80#6969",-22,2076,"Ascendant 3"
1682091443,"Friday, April 21, 2023 3:37 PM","pickle#169",15,1583,"Diamond 1"
1682094777,"Friday, April 21, 2023 4:32 PM","Raison163#NA1",-14,1286,"Platinum 1"
1682094777,"Friday, April 21, 2023 4:32 PM","Basil#007",-23,1000,"Gold 2"
1682094777,"Friday, April 21, 2023 4:32 PM","pickle#169",-17,1566,"Diamond 1"
1682097104,"Friday, April 21, 2023 5:11 PM","Basil#007",13,1013,"Gold 2"
1682100047,"Friday, April 21, 2023 6:00 PM","Raison163#NA1",18,1310,"Platinum 2"
1682099343,"Friday, April 21, 2023 5:49 PM","Basil#007",-15,1000,"Gold 2"
1682109768,"Friday, April 21, 2023 8:42 PM","S is for Salt#TF77",-17,1900,"Ascendant 2"
1682128442,"Saturday, April 22, 2023 1:54 AM","Ouress#NA2",28,1770,"Diamond 3"
1682131797,"Saturday, April 22, 2023 2:49 AM","Phyzzl#2702",17,1770,"Diamond 3"
1682131797,"Saturday, April 22, 2023 2:49 AM","Ouress#NA2",20,1790,"Diamond 3"
1682133832,"Saturday, April 22, 2023 3:23 AM","ninicoco1#NA1",-25,968,"Gold 1"
1682138604,"Saturday, April 22, 2023 4:43 AM","finx80#6969",-16,2060,"Ascendant 3"
1682142732,"Saturday, April 22, 2023 5:52 AM","finx80#6969",18,2078,"Ascendant 3"
1682144755,"Saturday, April 22, 2023 6:25 AM","finx80#6969",-18,2060,"Ascendant 3"
1682147542,"Saturday, April 22, 2023 7:12 AM","S is for Salt#TF77",-21,1879,"Ascendant 1"
1682147542,"Saturday, April 22, 2023 7:12 AM","Ouress#NA2",-18,1772,"Diamond 3"
1682150172,"Saturday, April 22, 2023 7:56 AM","Ouress#NA2",-16,1756,"Diamond 3"
1682157703,"Saturday, April 22, 2023 10:01 AM","finx80#6969",-19,2041,"Ascendant 3"
1682160215,"Saturday, April 22, 2023 10:43 AM","finx80#6969",16,2057,"Ascendant 3"
1682174532,"Saturday, April 22, 2023 2:42 PM","Raison163#NA1",22,1332,"Platinum 2"
1682174532,"Saturday, April 22, 2023 2:42 PM","ninicoco1#NA1",18,986,"Gold 1"
1682176547,"Saturday, April 22, 2023 3:15 PM","ninicoco1#NA1",14,1010,"Gold 2"
1682181071,"Saturday, April 22, 2023 4:31 PM","S is for Salt#TF77",15,1894,"Ascendant 1"
1682181071,"Saturday, April 22, 2023 4:31 PM","finx80#6969",17,2074,"Ascendant 3"
1682190605,"Saturday, April 22, 2023 7:10 PM","Raison163#NA1",18,1350,"Platinum 2"
1682190605,"Saturday, April 22, 2023 7:10 PM","Basil#007",10,1010,"Gold 2"
1682194323,"Saturday, April 22, 2023 8:12 PM","Raison163#NA1",16,1366,"Platinum 2"
1682194323,"Saturday, April 22, 2023 8:12 PM","Basil#007",21,1031,"Gold 2"
1682195587,"Saturday, April 22, 2023 8:33 PM","Raison163#NA1",-23,1343,"Platinum 2"
1682195587,"Saturday, April 22, 2023 8:33 PM","Basil#007",-21,1010,"Gold 2"
1682197284,"Saturday, April 22, 2023 9:01 PM","Raison163#NA1",14,1357,"Platinum 2"
1682197284,"Saturday, April 22, 2023 9:01 PM","Basil#007",22,1032,"Gold 2"
1682202173,"Saturday, April 22, 2023 10:22 PM","S is for Salt#TF77",-18,1876,"Ascendant 1"
1682202173,"Saturday, April 22, 2023 10:22 PM","finx80#6969",-20,2054,"Ascendant 3"
1682204255,"Saturday, April 22, 2023 10:57 PM","S is for Salt#TF77",20,1896,"Ascendant 1"
1682204255,"Saturday, April 22, 2023 10:57 PM","finx80#6969",19,2073,"Ascendant 3"
1682209029,"Sunday, April 23, 2023 12:17 AM","S is for Salt#TF77",-15,1881,"Ascendant 1"
1682209029,"Sunday, April 23, 2023 12:17 AM","Raison163#NA1",-10,1347,"Platinum 2"
1682209029,"Sunday, April 23, 2023 12:17 AM","pickle#169",-12,1554,"Diamond 1"
1682221604,"Sunday, April 23, 2023 3:46 AM","Phyzzl#2702",-21,1749,"Diamond 3"
1682223293,"Sunday, April 23, 2023 4:14 AM","Phyzzl#2702",-18,1731,"Diamond 3"
1682226933,"Sunday, April 23, 2023 5:15 AM","Phyzzl#2702",-20,1711,"Diamond 3"
1682228798,"Sunday, April 23, 2023 5:46 AM","Phyzzl#2702",21,1732,"Diamond 3"
1682230963,"Sunday, April 23, 2023 6:22 AM","Phyzzl#2702",-17,1715,"Diamond 3"
1682246252,"Sunday, April 23, 2023 10:37 AM","finx80#6969",-19,2054,"Ascendant 3"
1682248243,"Sunday, April 23, 2023 11:10 AM","finx80#6969",-19,2035,"Ascendant 3"
1682278257,"Sunday, April 23, 2023 7:30 PM","Tigerfire77#SifS",11,1211,"Platinum 1"
1682278257,"Sunday, April 23, 2023 7:30 PM","Basil#007",11,1043,"Gold 2"
1682282150,"Sunday, April 23, 2023 8:35 PM","S is for Salt#TF77",-16,1865,"Ascendant 1"
1682282150,"Sunday, April 23, 2023 8:35 PM","finx80#6969",-20,2015,"Ascendant 3"
1682284119,"Sunday, April 23, 2023 9:08 PM","S is for Salt#TF77",-17,1848,"Ascendant 1"
1682284119,"Sunday, April 23, 2023 9:08 PM","finx80#6969",-18,2000,"Ascendant 3"
1682287811,"Sunday, April 23, 2023 10:10 PM","rin#jane",10,730,"Silver 2"
1682291652,"Sunday, April 23, 2023 11:14 PM","rin#jane",17,747,"Silver 2"
1682294181,"Sunday, April 23, 2023 11:56 PM","Phyzzl#2702",-23,1700,"Diamond 3"
1682297483,"Monday, April 24, 2023 12:51 AM","Ouress#NA2",25,1781,"Diamond 3"
1682297483,"Monday, April 24, 2023 12:51 AM","pickle#169",33,1587,"Diamond 1"
1682299262,"Monday, April 24, 2023 1:21 AM","Ouress#NA2",-18,1763,"Diamond 3"
1682299262,"Monday, April 24, 2023 1:21 AM","pickle#169",-17,1570,"Diamond 1"
1682305925,"Monday, April 24, 2023 3:12 AM","rin#jane",-18,729,"Silver 2"
1682307175,"Monday, April 24, 2023 3:32 AM","Phyzzl#2702",18,1718,"Diamond 3"
1682309193,"Monday, April 24, 2023 4:06 AM","Phyzzl#2702",-17,1701,"Diamond 3"
1682311463,"Monday, April 24, 2023 4:44 AM","Phyzzl#2702",-22,1700,"Diamond 3"
1682390769,"Tuesday, April 25, 2023 2:46 AM","Ouress#NA2",17,1780,"Diamond 3"
1682390769,"Tuesday, April 25, 2023 2:46 AM","pickle#169",20,1590,"Diamond 1"
1682393349,"Tuesday, April 25, 2023 3:29 AM","Ouress#NA2",20,1810,"Ascendant 1"
1682393349,"Tuesday, April 25, 2023 3:29 AM","pickle#169",15,1610,"Diamond 2"
1682447204,"Tuesday, April 25, 2023 6:26 PM","S is for Salt#TF77",-18,1830,"Ascendant 1"
1682447204,"Tuesday, April 25, 2023 6:26 PM","finx80#6969",-18,1982,"Ascendant 2"
1682448134,"Tuesday, April 25, 2023 6:42 PM","Raison163#NA1",20,1367,"Platinum 2"
1682448134,"Tuesday, April 25, 2023 6:42 PM","ninicoco1#NA1",19,1029,"Gold 2"
1682449388,"Tuesday, April 25, 2023 7:03 PM","S is for Salt#TF77",-14,1816,"Ascendant 1"
1682449388,"Tuesday, April 25, 2023 7:03 PM","finx80#6969",-16,1966,"Ascendant 2"
1682450882,"Tuesday, April 25, 2023 7:28 PM","Raison163#NA1",-20,1347,"Platinum 2"
1682450882,"Tuesday, April 25, 2023 7:28 PM","ninicoco1#NA1",-15,1014,"Gold 2"
1682454750,"Tuesday, April 25, 2023 8:32 PM","Basil#007",-30,1013,"Gold 2"
1682456287,"Tuesday, April 25, 2023 8:58 PM","Raison163#NA1",-16,1331,"Platinum 2"
1682459312,"Tuesday, April 25, 2023 9:48 PM","S is for Salt#TF77",17,1833,"Ascendant 1"
1682459312,"Tuesday, April 25, 2023 9:48 PM","finx80#6969",21,1987,"Ascendant 2"
1682459533,"Tuesday, April 25, 2023 9:52 PM","Raison163#NA1",17,1348,"Platinum 2"
1682469235,"Wednesday, April 26, 2023 12:33 AM","Raison163#NA1",16,1364,"Platinum 2"
1682480541,"Wednesday, April 26, 2023 3:42 AM","Tigerfire77#SifS",-10,1201,"Platinum 1"
1682271985,"Sunday, April 23, 2023 5:46 PM","haruhiism#crstn",14,1791,"Diamond 3"
1682274797,"Sunday, April 23, 2023 6:33 PM","haruhiism#crstn",14,1810,"Ascendant 1"
1682277094,"Sunday, April 23, 2023 7:11 PM","haruhiism#crstn",11,1821,"Ascendant 1"
1682293823,"Sunday, April 23, 2023 11:50 PM","haruhiism#crstn",13,1834,"Ascendant 1"
1682302736,"Monday, April 24, 2023 2:18 AM","haruhiism#crstn",18,1852,"Ascendant 1"
1682305234,"Monday, April 24, 2023 3:00 AM","haruhiism#crstn",-22,1830,"Ascendant 1"
1682365135,"Monday, April 24, 2023 7:38 PM","haruhiism#crstn",23,1853,"Ascendant 1"
1682385026,"Tuesday, April 25, 2023 1:10 AM","haruhiism#crstn",12,1865,"Ascendant 1"
1682461348,"Tuesday, April 25, 2023 10:22 PM","haruhiism#crstn",-14,1851,"Ascendant 1"
1682464321,"Tuesday, April 25, 2023 11:12 PM","haruhiism#crstn",11,1862,"Ascendant 1"
1682482128,"Wednesday, April 26, 2023 4:08 AM","haruhiism#crstn",20,1882,"Ascendant 1"
1682484037,"Wednesday, April 26, 2023 4:40 AM","haruhiism#crstn",19,1910,"Ascendant 2"
1682515139,"Wednesday, April 26, 2023 1:18 PM","finx80#6969",-17,1970,"Ascendant 2"
1682523213,"Wednesday, April 26, 2023 3:33 PM","Raison163#NA1",17,1381,"Platinum 2"
1682523213,"Wednesday, April 26, 2023 3:33 PM","ninicoco1#NA1",22,1036,"Gold 2"
1682526187,"Wednesday, April 26, 2023 4:23 PM","Raison163#NA1",-17,1364,"Platinum 2"
1682526187,"Wednesday, April 26, 2023 4:23 PM","ninicoco1#NA1",-15,1021,"Gold 2"
1682528300,"Wednesday, April 26, 2023 4:58 PM","Raison163#NA1",-22,1342,"Platinum 2"
1682528300,"Wednesday, April 26, 2023 4:58 PM","ninicoco1#NA1",-17,1004,"Gold 2"
1682531660,"Wednesday, April 26, 2023 5:54 PM","Tigerfire77#SifS",-18,1200,"Platinum 1"
1682531660,"Wednesday, April 26, 2023 5:54 PM","Raison163#NA1",-15,1327,"Platinum 2"
1682536969,"Wednesday, April 26, 2023 7:22 PM","Raison163#NA1",-19,1308,"Platinum 2"
1682544639,"Wednesday, April 26, 2023 9:30 PM","S is for Salt#TF77",17,1850,"Ascendant 1"
1682553397,"Wednesday, April 26, 2023 11:56 PM","haruhiism#crstn",-25,1900,"Ascendant 2"
1682554934,"Thursday, April 27, 2023 12:22 AM","finx80#6969",-17,1953,"Ascendant 2"
1682555137,"Thursday, April 27, 2023 12:25 AM","haruhiism#crstn",-17,1883,"Ascendant 1"
1682557014,"Thursday, April 27, 2023 12:56 AM","S is for Salt#TF77",-17,1833,"Ascendant 1"
1682557014,"Thursday, April 27, 2023 12:56 AM","finx80#6969",-19,1934,"Ascendant 2"
1682557720,"Thursday, April 27, 2023 1:08 AM","Phyzzl#2702",-15,1685,"Diamond 2"
1682557720,"Thursday, April 27, 2023 1:08 AM","pickle#169",-17,1600,"Diamond 2"
1682562350,"Thursday, April 27, 2023 2:25 AM","Phyzzl#2702",23,1710,"Diamond 3"
1682562350,"Thursday, April 27, 2023 2:25 AM","Ouress#NA2",24,1834,"Ascendant 1"
1682564439,"Thursday, April 27, 2023 3:00 AM","rin#jane",22,751,"Silver 2"
1682564361,"Thursday, April 27, 2023 2:59 AM","Phyzzl#2702",-21,1700,"Diamond 3"
1682566486,"Thursday, April 27, 2023 3:34 AM","Phyzzl#2702",-23,1677,"Diamond 2"
1682570991,"Thursday, April 27, 2023 4:49 AM","Phyzzl#2702",-17,1660,"Diamond 2"
1682573984,"Thursday, April 27, 2023 5:39 AM","Phyzzl#2702",18,1678,"Diamond 2"
1682616321,"Thursday, April 27, 2023 5:25 PM","S is for Salt#TF77",-19,1814,"Ascendant 1"
1682618055,"Thursday, April 27, 2023 5:54 PM","S is for Salt#TF77",-19,1800,"Ascendant 1"
1682616321,"Thursday, April 27, 2023 5:25 PM","finx80#6969",-20,1914,"Ascendant 2"
1682618055,"Thursday, April 27, 2023 5:54 PM","finx80#6969",-19,1900,"Ascendant 2"
1682642959,"Friday, April 28, 2023 12:49 AM","haruhiism#crstn",13,1896,"Ascendant 1"
1682647031,"Friday, April 28, 2023 1:57 AM","rin#jane",18,769,"Silver 2"
1682652567,"Friday, April 28, 2023 3:29 AM","Phyzzl#2702",15,1693,"Diamond 2"
1682655093,"Friday, April 28, 2023 4:11 AM","Phyzzl#2702",21,1714,"Diamond 3"
1682657433,"Friday, April 28, 2023 4:50 AM","Phyzzl#2702",22,1736,"Diamond 3"
1682659101,"Friday, April 28, 2023 5:18 AM","Phyzzl#2702",18,1754,"Diamond 3"
1682661709,"Friday, April 28, 2023 6:01 AM","Phyzzl#2702",15,1769,"Diamond 3"
1682664119,"Friday, April 28, 2023 6:41 AM","Phyzzl#2702",17,1786,"Diamond 3"
1682666244,"Friday, April 28, 2023 7:17 AM","Phyzzl#2702",16,1810,"Ascendant 1"
1682689322,"Friday, April 28, 2023 1:42 PM","finx80#6969",-20,1880,"Ascendant 1"
1681875420,"Wednesday, April 19, 2023 3:36 AM","M is for Mid#Smex",21,1847,"Ascendant 1"
1681877612,"Wednesday, April 19, 2023 4:13 AM","M is for Mid#Smex",-20,1827,"Ascendant 1"
1681930951,"Wednesday, April 19, 2023 7:02 PM","M is for Mid#Smex",17,1844,"Ascendant 1"
1681948486,"Wednesday, April 19, 2023 11:54 PM","M is for Mid#Smex",18,1862,"Ascendant 1"
1681951364,"Thursday, April 20, 2023 12:42 AM","M is for Mid#Smex",18,1880,"Ascendant 1"
1681970926,"Thursday, April 20, 2023 6:08 AM","M is for Mid#Smex",20,1897,"Ascendant 1"
1681972719,"Thursday, April 20, 2023 6:38 AM","M is for Mid#Smex",-21,1876,"Ascendant 1"
1682147542,"Saturday, April 22, 2023 7:12 AM","M is for Mid#Smex",-18,1858,"Ascendant 1"
1682150172,"Saturday, April 22, 2023 7:56 AM","M is for Mid#Smex",-20,1838,"Ascendant 1"
1682209029,"Sunday, April 23, 2023 12:17 AM","M is for Mid#Smex",-14,1824,"Ascendant 1"
1682742272,"Saturday, April 29, 2023 4:24 AM","Phyzzl#2702",13,1823,"Ascendant 1"
1682744779,"Saturday, April 29, 2023 5:06 AM","Phyzzl#2702",-18,1805,"Ascendant 1"
1682790965,"Saturday, April 29, 2023 5:56 PM","haruhiism#crstn",-20,1876,"Ascendant 1"
1682808742,"Saturday, April 29, 2023 10:52 PM","S is for Salt#TF77",19,1819,"Ascendant 1"
1682808742,"Saturday, April 29, 2023 10:52 PM","finx80#6969",15,1895,"Ascendant 1"
1682808742,"Saturday, April 29, 2023 10:52 PM","Ouress#NA2",14,1848,"Ascendant 1"
1682808742,"Saturday, April 29, 2023 10:52 PM","pickle#169",17,1617,"Diamond 2"
1682885736,"Sunday, April 30, 2023 8:15 PM","Raison163#NA1",14,1322,"Platinum 2"
1682885736,"Sunday, April 30, 2023 8:15 PM","ninicoco1#NA1",21,1025,"Gold 2"
1682888144,"Sunday, April 30, 2023 8:55 PM","Raison163#NA1",-12,1310,"Platinum 2"
1682888144,"Sunday, April 30, 2023 8:55 PM","ninicoco1#NA1",-11,1014,"Gold 2"
1682891047,"Sunday, April 30, 2023 9:44 PM","Raison163#NA1",-17,1300,"Platinum 2"
1682891047,"Sunday, April 30, 2023 9:44 PM","ninicoco1#NA1",-18,1000,"Gold 2"
1682899472,"Monday, May 1, 2023 12:04 AM","Raison163#NA1",18,1318,"Platinum 2"
1682901865,"Monday, May 1, 2023 12:44 AM","Tigerfire77#SifS",-19,1181,"Gold 3"
1682901865,"Monday, May 1, 2023 12:44 AM","Raison163#NA1",-20,1300,"Platinum 2"
1682901865,"Monday, May 1, 2023 12:44 AM","ninicoco1#NA1",-18,982,"Gold 1"
1682946709,"Monday, May 1, 2023 1:11 PM","Raison163#NA1",18,1318,"Platinum 2"
1682946709,"Monday, May 1, 2023 1:11 PM","ninicoco1#NA1",23,1010,"Gold 2"
1682949110,"Monday, May 1, 2023 1:51 PM","Raison163#NA1",21,1339,"Platinum 2"
1682949110,"Monday, May 1, 2023 1:51 PM","ninicoco1#NA1",18,1028,"Gold 2"
1682949110,"Monday, May 1, 2023 1:51 PM","Basil#007",26,1039,"Gold 2"
1682951180,"Monday, May 1, 2023 2:26 PM","ninicoco1#NA1",20,1048,"Gold 2"
1682951180,"Monday, May 1, 2023 2:26 PM","Basil#007",18,1057,"Gold 2"
1682954284,"Monday, May 1, 2023 3:18 PM","ninicoco1#NA1",14,1062,"Gold 2"
1682954284,"Monday, May 1, 2023 3:18 PM","Basil#007",20,1077,"Gold 2"
1682952762,"Monday, May 1, 2023 2:52 PM","haruhiism#crstn",16,1892,"Ascendant 1"
1682956039,"Monday, May 1, 2023 3:47 PM","ninicoco1#NA1",-18,1044,"Gold 2"
1682956039,"Monday, May 1, 2023 3:47 PM","Basil#007",-14,1063,"Gold 2"
1682959466,"Monday, May 1, 2023 4:44 PM","ninicoco1#NA1",24,1068,"Gold 2"
1682959466,"Monday, May 1, 2023 4:44 PM","Basil#007",19,1082,"Gold 2"
1682963723,"Monday, May 1, 2023 5:55 PM","haruhiism#crstn",16,1910,"Ascendant 2"
1682963922,"Monday, May 1, 2023 5:58 PM","ninicoco1#NA1",17,1085,"Gold 2"
1682963922,"Monday, May 1, 2023 5:58 PM","Basil#007",11,1093,"Gold 2"
1682638700,"Thursday, April 27, 2023 11:38 PM","nzvbe#NA1",18,1464,"Platinum 3"
1682643045,"Friday, April 28, 2023 12:50 AM","nzvbe#NA1",19,1483,"Platinum 3"
1682645721,"Friday, April 28, 2023 1:35 AM","nzvbe#NA1",24,1510,"Diamond 1"
1682647996,"Friday, April 28, 2023 2:13 AM","nzvbe#NA1",22,1532,"Diamond 1"
1682650693,"Friday, April 28, 2023 2:58 AM","nzvbe#NA1",-15,1517,"Diamond 1"
1682723414,"Friday, April 28, 2023 11:10 PM","nzvbe#NA1",-16,1501,"Diamond 1"
1682789356,"Saturday, April 29, 2023 5:29 PM","nzvbe#NA1",22,1523,"Diamond 1"
1682829893,"Sunday, April 30, 2023 4:44 AM","nzvbe#NA1",-21,1502,"Diamond 1"
1682894011,"Sunday, April 30, 2023 10:33 PM","nzvbe#NA1",-22,1500,"Diamond 1"
1682965651,"Monday, May 1, 2023 6:27 PM","haruhiism#crstn",-19,1900,"Ascendant 2"
1682968061,"Monday, May 1, 2023 7:07 PM","ninicoco1#NA1",-19,1066,"Gold 2"
1682968061,"Monday, May 1, 2023 7:07 PM","Basil#007",-25,1068,"Gold 2"
1682970729,"Monday, May 1, 2023 7:52 PM","ninicoco1#NA1",-21,1045,"Gold 2"
1682970729,"Monday, May 1, 2023 7:52 PM","Basil#007",-16,1052,"Gold 2"
1682971010,"Monday, May 1, 2023 7:56 PM","S is for Salt#TF77",-21,1800,"Ascendant 1"
1682971010,"Monday, May 1, 2023 7:56 PM","nzvbe#NA1",-16,1484,"Platinum 3"
1682972595,"Monday, May 1, 2023 8:23 PM","ninicoco1#NA1",17,1062,"Gold 2"
1682972595,"Monday, May 1, 2023 8:23 PM","Basil#007",18,1070,"Gold 2"
1682973497,"Monday, May 1, 2023 8:38 PM","S is for Salt#TF77",-16,1784,"Diamond 3"
1682973497,"Monday, May 1, 2023 8:38 PM","finx80#6969",-16,1879,"Ascendant 1"
1682973644,"Monday, May 1, 2023 8:40 PM","nzvbe#NA1",-13,1471,"Platinum 3"
1682976040,"Monday, May 1, 2023 9:20 PM","S is for Salt#TF77",-17,1767,"Diamond 3"
1682975165,"Monday, May 1, 2023 9:06 PM","ninicoco1#NA1",19,1081,"Gold 2"
1682975165,"Monday, May 1, 2023 9:06 PM","Basil#007",28,1098,"Gold 2"
1682977125,"Monday, May 1, 2023 9:38 PM","nzvbe#NA1",-21,1450,"Platinum 3"
1682978475,"Monday, May 1, 2023 10:01 PM","Raison163#NA1",-18,1321,"Platinum 2"
1682978475,"Monday, May 1, 2023 10:01 PM","ninicoco1#NA1",-13,1068,"Gold 2"
1682978475,"Monday, May 1, 2023 10:01 PM","Basil#007",-21,1077,"Gold 2"
1682978982,"Monday, May 1, 2023 10:09 PM","nzvbe#NA1",20,1470,"Platinum 3"
1681303665,"Wednesday, April 12, 2023 12:47 PM","Da Real Baman#buce",30,1017,"Gold 2"
1681305725,"Wednesday, April 12, 2023 1:22 PM","Da Real Baman#buce",-23,1000,"Gold 2"
1681424684,"Thursday, April 13, 2023 10:24 PM","Da Real Baman#buce",-11,989,"Gold 1"
1681428536,"Thursday, April 13, 2023 11:28 PM","Da Real Baman#buce",-22,967,"Gold 1"
1681781751,"Tuesday, April 18, 2023 1:35 AM","Da Real Baman#buce",-22,945,"Gold 1"
1682968061,"Monday, May 1, 2023 7:07 PM","Da Real Baman#buce",-11,934,"Gold 1"
1682970729,"Monday, May 1, 2023 7:52 PM","Da Real Baman#buce",-17,917,"Gold 1"
1682972508,"Monday, May 1, 2023 8:21 PM","Da Real Baman#buce",-7,910,"Gold 1"
1682981736,"Monday, May 1, 2023 10:55 PM","nzvbe#NA1",-22,1448,"Platinum 3"
1682987579,"Tuesday, May 2, 2023 12:32 AM","haruhiism#crstn",-17,1883,"Ascendant 1"
1683003236,"Tuesday, May 2, 2023 4:53 AM","Phyzzl#2702",20,1825,"Ascendant 1"
1683003236,"Tuesday, May 2, 2023 4:53 AM","Ouress#NA2",19,1867,"Ascendant 1"
1683058948,"Tuesday, May 2, 2023 8:22 PM","Tigerfire77#SifS",23,1210,"Platinum 1"
1683058948,"Tuesday, May 2, 2023 8:22 PM","Basil#007",11,1088,"Gold 2"
1683071464,"Tuesday, May 2, 2023 11:51 PM","nzvbe#NA1",21,1469,"Platinum 3"
1683073587,"Wednesday, May 3, 2023 12:26 AM","nzvbe#NA1",-17,1452,"Platinum 3"
1683074300,"Wednesday, May 3, 2023 12:38 AM","Raison163#NA1",13,1334,"Platinum 2"
1683074300,"Wednesday, May 3, 2023 12:38 AM","Basil#007",13,1110,"Gold 3"
1683076820,"Wednesday, May 3, 2023 1:20 AM","Raison163#NA1",23,1357,"Platinum 2"
1683076820,"Wednesday, May 3, 2023 1:20 AM","Basil#007",19,1129,"Gold 3"
1683075897,"Wednesday, May 3, 2023 1:04 AM","nzvbe#NA1",25,1477,"Platinum 3"
1683077293,"Wednesday, May 3, 2023 1:28 AM","S is for Salt#TF77",-16,1751,"Diamond 3"
1683080314,"Wednesday, May 3, 2023 2:18 AM","S is for Salt#TF77",-19,1732,"Diamond 3"
1683080959,"Wednesday, May 3, 2023 2:29 AM","ninicoco1#NA1",-21,1047,"Gold 2"
1683080314,"Wednesday, May 3, 2023 2:18 AM","finx80#6969",-20,1859,"Ascendant 1"
1683080959,"Wednesday, May 3, 2023 2:29 AM","Basil#007",-28,1101,"Gold 3"
1683085707,"Wednesday, May 3, 2023 3:48 AM","Phyzzl#2702",-21,1804,"Ascendant 1"
1683087721,"Wednesday, May 3, 2023 4:22 AM","Phyzzl#2702",-22,1800,"Ascendant 1"
1683096234,"Wednesday, May 3, 2023 6:43 AM","Phyzzl#2702",15,1815,"Ascendant 1"
1683148979,"Wednesday, May 3, 2023 9:22 PM","Raison163#NA1",16,1373,"Platinum 2"
1683166044,"Thursday, May 4, 2023 2:07 AM","Raison163#NA1",18,1391,"Platinum 2"
1683171917,"Thursday, May 4, 2023 3:45 AM","Phyzzl#2702",-19,1800,"Ascendant 1"
1683173675,"Thursday, May 4, 2023 4:14 AM","Phyzzl#2702",-20,1780,"Diamond 3"
1683176483,"Thursday, May 4, 2023 5:01 AM","Phyzzl#2702",14,1794,"Diamond 3"
1683178953,"Thursday, May 4, 2023 5:42 AM","Phyzzl#2702",21,1815,"Ascendant 1"
1683166044,"Thursday, May 4, 2023 2:07 AM","Basil#007",21,1122,"Gold 3"
1683122056,"Wednesday, May 3, 2023 1:54 PM","Da Real Baman#buce",-22,900,"Gold 1"
1683124408,"Wednesday, May 3, 2023 2:33 PM","Da Real Baman#buce",34,934,"Gold 1"
1683126593,"Wednesday, May 3, 2023 3:09 PM","Da Real Baman#buce",26,960,"Gold 1"
1683128240,"Wednesday, May 3, 2023 3:37 PM","Da Real Baman#buce",12,972,"Gold 1"
1683149585,"Wednesday, May 3, 2023 9:33 PM","haruhiism#crstn",-19,1864,"Ascendant 1"
1683152122,"Wednesday, May 3, 2023 10:15 PM","haruhiism#crstn",-12,1852,"Ascendant 1"
1683165544,"Thursday, May 4, 2023 1:59 AM","nzvbe#NA1",-19,1458,"Platinum 3"
1683167430,"Thursday, May 4, 2023 2:30 AM","nzvbe#NA1",-21,1437,"Platinum 3"
1683233468,"Thursday, May 4, 2023 8:51 PM","Raison163#NA1",20,1411,"Platinum 3"
1683233468,"Thursday, May 4, 2023 8:51 PM","ninicoco1#NA1",16,1063,"Gold 2"
1683235678,"Thursday, May 4, 2023 9:27 PM","ninicoco1#NA1",-20,1043,"Gold 2"
1683241505,"Thursday, May 4, 2023 11:05 PM","Raison163#NA1",22,1433,"Platinum 3"
1683241505,"Thursday, May 4, 2023 11:05 PM","ninicoco1#NA1",25,1068,"Gold 2"
1683243333,"Thursday, May 4, 2023 11:35 PM","Raison163#NA1",22,1455,"Platinum 3"
1683243333,"Thursday, May 4, 2023 11:35 PM","Basil#007",17,1139,"Gold 3"
1683246457,"Friday, May 5, 2023 12:27 AM","Raison163#NA1",-21,1434,"Platinum 3"
1683246457,"Friday, May 5, 2023 12:27 AM","ninicoco1#NA1",-16,1052,"Gold 2"
1683246457,"Friday, May 5, 2023 12:27 AM","Basil#007",-12,1127,"Gold 3"
1683248895,"Friday, May 5, 2023 1:08 AM","ninicoco1#NA1",13,1065,"Gold 2"
1683251268,"Friday, May 5, 2023 1:47 AM","ninicoco1#NA1",31,1096,"Gold 2"
1683251904,"Friday, May 5, 2023 1:58 AM","rin#jane",22,791,"Silver 2"
1683253850,"Friday, May 5, 2023 2:30 AM","ninicoco1#NA1",-24,1072,"Gold 2"
1683255347,"Friday, May 5, 2023 2:55 AM","rin#jane",-16,775,"Silver 2"
1683256854,"Friday, May 5, 2023 3:20 AM","pickle#169",14,1631,"Diamond 2"
1683259245,"Friday, May 5, 2023 4:00 AM","pickle#169",-13,1618,"Diamond 2"
1683263206,"Friday, May 5, 2023 5:06 AM","Phyzzl#2702",14,1829,"Ascendant 1"
1683266086,"Friday, May 5, 2023 5:54 AM","Phyzzl#2702",0,1829,"Ascendant 1"
1683269138,"Friday, May 5, 2023 6:45 AM","Phyzzl#2702",18,1847,"Ascendant 1"
1683293047,"Friday, May 5, 2023 1:24 PM","ninicoco1#NA1",22,1094,"Gold 2"
1683293047,"Friday, May 5, 2023 1:24 PM","Basil#007",10,1137,"Gold 3"
1683295485,"Friday, May 5, 2023 2:04 PM","ninicoco1#NA1",-26,1068,"Gold 2"
1683295485,"Friday, May 5, 2023 2:04 PM","Basil#007",-26,1111,"Gold 3"
1683297483,"Friday, May 5, 2023 2:38 PM","ninicoco1#NA1",22,1090,"Gold 2"
1683297483,"Friday, May 5, 2023 2:38 PM","Basil#007",10,1121,"Gold 3"
1683314043,"Friday, May 5, 2023 7:14 PM","finx80#6969",-17,1842,"Ascendant 1"
1683314321,"Friday, May 5, 2023 7:18 PM","ninicoco1#NA1",16,1110,"Gold 3"
1683314321,"Friday, May 5, 2023 7:18 PM","Basil#007",10,1131,"Gold 3"
1683316412,"Friday, May 5, 2023 7:53 PM","ninicoco1#NA1",-15,1100,"Gold 3"
1683316412,"Friday, May 5, 2023 7:53 PM","Basil#007",-28,1103,"Gold 3"
1683318828,"Friday, May 5, 2023 8:33 PM","ninicoco1#NA1",-22,1078,"Gold 2"
1683318828,"Friday, May 5, 2023 8:33 PM","Basil#007",-21,1100,"Gold 3"
1683320977,"Friday, May 5, 2023 9:09 PM","ninicoco1#NA1",23,1110,"Gold 3"
1683323448,"Friday, May 5, 2023 9:50 PM","ninicoco1#NA1",-21,1100,"Gold 3"
1683335061,"Saturday, May 6, 2023 1:04 AM","S is for Salt#TF77",-20,1712,"Diamond 3"
1683346717,"Saturday, May 6, 2023 4:18 AM","rin#jane",11,786,"Silver 2"
1683348706,"Saturday, May 6, 2023 4:51 AM","rin#jane",24,810,"Silver 3"
1683350651,"Saturday, May 6, 2023 5:24 AM","haruhiism#crstn",-21,1831,"Ascendant 1"
1683383885,"Saturday, May 6, 2023 2:38 PM","ninicoco1#NA1",25,1125,"Gold 3"
1683387088,"Saturday, May 6, 2023 3:31 PM","ninicoco1#NA1",16,1141,"Gold 3"
1683390202,"Saturday, May 6, 2023 4:23 PM","S is for Salt#TF77",19,1731,"Diamond 3"
1683390216,"Saturday, May 6, 2023 4:23 PM","ninicoco1#NA1",11,1152,"Gold 3"
1683393116,"Saturday, May 6, 2023 5:11 PM","ninicoco1#NA1",-26,1126,"Gold 3"
1683402606,"Saturday, May 6, 2023 7:50 PM","ninicoco1#NA1",19,1145,"Gold 3"
1683402058,"Saturday, May 6, 2023 7:40 PM","finx80#6969",-13,1829,"Ascendant 1"
1683414994,"Saturday, May 6, 2023 11:16 PM","S is for Salt#TF77",-12,1719,"Diamond 3"
1683414994,"Saturday, May 6, 2023 11:16 PM","Phyzzl#2702",-14,1833,"Ascendant 1"
1683414994,"Saturday, May 6, 2023 11:16 PM","pickle#169",-11,1607,"Diamond 2"
1683422523,"Sunday, May 7, 2023 1:22 AM","haruhiism#crstn",-18,1813,"Ascendant 1"
1683430046,"Sunday, May 7, 2023 3:27 AM","rin#jane",-20,800,"Silver 3"
1683433345,"Sunday, May 7, 2023 4:22 AM","rin#jane",-12,788,"Silver 2"
1683435842,"Sunday, May 7, 2023 5:04 AM","rin#jane",-30,758,"Silver 2"
1683455931,"Sunday, May 7, 2023 10:38 AM","S is for Salt#TF77",20,1739,"Diamond 3"
1683455931,"Sunday, May 7, 2023 10:38 AM","finx80#6969",22,1851,"Ascendant 1"
1683457542,"Sunday, May 7, 2023 11:05 AM","S is for Salt#TF77",19,1758,"Diamond 3"
1683457542,"Sunday, May 7, 2023 11:05 AM","finx80#6969",21,1872,"Ascendant 1"
1683489273,"Sunday, May 7, 2023 7:54 PM","ninicoco1#NA1",13,1158,"Gold 3"
1683492893,"Sunday, May 7, 2023 8:54 PM","ninicoco1#NA1",-15,1143,"Gold 3"
1683496255,"Sunday, May 7, 2023 9:50 PM","ninicoco1#NA1",19,1162,"Gold 3"
1683496255,"Sunday, May 7, 2023 9:50 PM","Da Real Baman#buce",16,988,"Gold 1"
1683498359,"Sunday, May 7, 2023 10:25 PM","ninicoco1#NA1",-21,1141,"Gold 3"
1683498359,"Sunday, May 7, 2023 10:25 PM","Da Real Baman#buce",-20,968,"Gold 1"
1683504382,"Monday, May 8, 2023 12:06 AM","Raison163#NA1",18,1452,"Platinum 3"
1683511480,"Monday, May 8, 2023 2:04 AM","ninicoco1#NA1",-21,1120,"Gold 3"
1683513630,"Monday, May 8, 2023 2:40 AM","ninicoco1#NA1",-15,1105,"Gold 3"
1683586040,"Monday, May 8, 2023 10:47 PM","S is for Salt#TF77",-14,1744,"Diamond 3"
1683597694,"Tuesday, May 9, 2023 2:01 AM","rin#jane",-28,730,"Silver 2"
1683599560,"Tuesday, May 9, 2023 2:32 AM","rin#jane",19,749,"Silver 2"
1683504382,"Monday, May 8, 2023 12:06 AM","Raison163#NA1",18,1452,"Platinum 3"
1683572579,"Monday, May 8, 2023 7:02 PM","Raison163#NA1",-22,1430,"Platinum 3"
1683575129,"Monday, May 8, 2023 7:45 PM","Raison163#NA1",-19,1411,"Platinum 3"
1683579785,"Monday, May 8, 2023 9:03 PM","Raison163#NA1",-14,1400,"Platinum 3"
1683582431,"Monday, May 8, 2023 9:47 PM","Raison163#NA1",13,1413,"Platinum 3"
1683572713,"Monday, May 8, 2023 7:05 PM","ninicoco1#NA1",-13,1100,"Gold 3"
1683575988,"Monday, May 8, 2023 7:59 PM","ninicoco1#NA1",21,1121,"Gold 3"
1683577042,"Monday, May 8, 2023 8:17 PM","ninicoco1#NA1",24,1145,"Gold 3"
1683579196,"Monday, May 8, 2023 8:53 PM","ninicoco1#NA1",-14,1131,"Gold 3"
1683582369,"Monday, May 8, 2023 9:46 PM","ninicoco1#NA1",-18,1113,"Gold 3"
1683582431,"Monday, May 8, 2023 9:47 PM","Basil#007",30,1130,"Gold 3"
1683586040,"Monday, May 8, 2023 10:47 PM","Ouress#NA2",-15,1852,"Ascendant 1"
1683570212,"Monday, May 8, 2023 6:23 PM","Da Real Baman#buce",-21,947,"Gold 1"
1683572713,"Monday, May 8, 2023 7:05 PM","Da Real Baman#buce",-19,928,"Gold 1"
1683575988,"Monday, May 8, 2023 7:59 PM","Da Real Baman#buce",30,958,"Gold 1"
1683577042,"Monday, May 8, 2023 8:17 PM","Da Real Baman#buce",37,995,"Gold 1"
1683579196,"Monday, May 8, 2023 8:53 PM","Da Real Baman#buce",-17,978,"Gold 1"
1683582369,"Monday, May 8, 2023 9:46 PM","Da Real Baman#buce",-19,959,"Gold 1"
1683572579,"Monday, May 8, 2023 7:02 PM","pickle#169",-21,1600,"Diamond 2"
1683575129,"Monday, May 8, 2023 7:45 PM","pickle#169",-18,1582,"Diamond 1"
1683586040,"Monday, May 8, 2023 10:47 PM","pickle#169",-14,1568,"Diamond 1"
1683602010,"Tuesday, May 9, 2023 3:13 AM","nzvbe#NA1",-27,1410,"Platinum 3"
1683604005,"Tuesday, May 9, 2023 3:46 AM","nzvbe#NA1",17,1427,"Platinum 3"
1683606790,"Tuesday, May 9, 2023 4:33 AM","nzvbe#NA1",21,1448,"Platinum 3"
1683609328,"Tuesday, May 9, 2023 5:15 AM","nzvbe#NA1",-21,1427,"Platinum 3"
1683611489,"Tuesday, May 9, 2023 5:51 AM","nzvbe#NA1",-21,1406,"Platinum 3"
1683673684,"Tuesday, May 9, 2023 11:08 PM","ninicoco1#NA1",-16,1100,"Gold 3"
1683675930,"Tuesday, May 9, 2023 11:45 PM","ninicoco1#NA1",18,1118,"Gold 3"
1683677985,"Wednesday, May 10, 2023 12:19 AM","ninicoco1#NA1",19,1137,"Gold 3"
1683680660,"Wednesday, May 10, 2023 1:04 AM","ninicoco1#NA1",19,1156,"Gold 3"
1683684163,"Wednesday, May 10, 2023 2:02 AM","ninicoco1#NA1",-15,1141,"Gold 3"
1683684163,"Wednesday, May 10, 2023 2:02 AM","Da Real Baman#buce",-14,945,"Gold 1"
1683687511,"Wednesday, May 10, 2023 2:58 AM","Raison163#NA1",-18,1400,"Platinum 3"
1683687511,"Wednesday, May 10, 2023 2:58 AM","ninicoco1#NA1",-21,1120,"Gold 3"
1683687511,"Wednesday, May 10, 2023 2:58 AM","Basil#007",-19,1111,"Gold 3"
1683745905,"Wednesday, May 10, 2023 7:11 PM","nzvbe#NA1",8,1414,"Platinum 3"
1683746910,"Wednesday, May 10, 2023 7:28 PM","Basil#007",-21,1100,"Gold 3"
1683750479,"Wednesday, May 10, 2023 8:27 PM","S is for Salt#TF77",17,1761,"Diamond 3"
1683750479,"Wednesday, May 10, 2023 8:27 PM","finx80#6969",18,1890,"Ascendant 1"
1683753126,"Wednesday, May 10, 2023 9:12 PM","S is for Salt#TF77",-16,1745,"Diamond 3"
1683753126,"Wednesday, May 10, 2023 9:12 PM","finx80#6969",-16,1874,"Ascendant 1"
1683755426,"Wednesday, May 10, 2023 9:50 PM","nzvbe#NA1",-10,1404,"Platinum 3"
1683760193,"Wednesday, May 10, 2023 11:09 PM","Raison163#NA1",-16,1384,"Platinum 2"
1683760193,"Wednesday, May 10, 2023 11:09 PM","Da Real Baman#buce",-13,932,"Gold 1"
1683762828,"Wednesday, May 10, 2023 11:53 PM","Raison163#NA1",-18,1366,"Platinum 2"
1683762828,"Wednesday, May 10, 2023 11:53 PM","Basil#007",-18,1082,"Gold 2"
1683762828,"Wednesday, May 10, 2023 11:53 PM","Da Real Baman#buce",-10,922,"Gold 1"
1683764472,"Thursday, May 11, 2023 12:21 AM","ninicoco1#NA1",10,1130,"Gold 3"
1683765281,"Thursday, May 11, 2023 12:34 AM","Basil#007",15,1097,"Gold 2"
1683768451,"Thursday, May 11, 2023 1:27 AM","ninicoco1#NA1",-20,1110,"Gold 3"
1683768451,"Thursday, May 11, 2023 1:27 AM","Basil#007",-16,1081,"Gold 2"
1683768451,"Thursday, May 11, 2023 1:27 AM","Da Real Baman#buce",-17,905,"Gold 1"
1683770058,"Thursday, May 11, 2023 1:54 AM","Raison163#NA1",23,1389,"Platinum 2"
1683822154,"Thursday, May 11, 2023 4:22 PM","ninicoco1#NA1",-19,1100,"Gold 3"
1683824834,"Thursday, May 11, 2023 5:07 PM","Da Real Baman#buce",34,939,"Gold 1"
1683826723,"Thursday, May 11, 2023 5:38 PM","Da Real Baman#buce",-15,924,"Gold 1"
1683828867,"Thursday, May 11, 2023 6:14 PM","Da Real Baman#buce",-19,905,"Gold 1"
1683834542,"Thursday, May 11, 2023 7:49 PM","ninicoco1#NA1",15,1115,"Gold 3"
1683843409,"Thursday, May 11, 2023 10:16 PM","Raison163#NA1",-19,1370,"Platinum 2"
1683843409,"Thursday, May 11, 2023 10:16 PM","ninicoco1#NA1",-16,1100,"Gold 3"
1683843814,"Thursday, May 11, 2023 10:23 PM","nzvbe#NA1",24,1428,"Platinum 3"
1683846060,"Thursday, May 11, 2023 11:01 PM","ninicoco1#NA1",-11,1089,"Gold 2"
1683852665,"Friday, May 12, 2023 12:51 AM","rin#jane",17,766,"Silver 2"
1683851383,"Friday, May 12, 2023 12:29 AM","ninicoco1#NA1",-17,1072,"Gold 2"
1683855061,"Friday, May 12, 2023 1:31 AM","rin#jane",-19,747,"Silver 2"
1683859566,"Friday, May 12, 2023 2:46 AM","nzvbe#NA1",-18,1410,"Platinum 3"
1683862075,"Friday, May 12, 2023 3:27 AM","nzvbe#NA1",-24,1400,"Platinum 3"
1683882396,"Friday, May 12, 2023 9:06 AM","S is for Salt#TF77",19,1764,"Diamond 3"
1683902763,"Friday, May 12, 2023 2:46 PM","Da Real Baman#buce",31,936,"Gold 1"
1683904657,"Friday, May 12, 2023 3:17 PM","ninicoco1#NA1",16,1088,"Gold 2"
1683904657,"Friday, May 12, 2023 3:17 PM","Da Real Baman#buce",20,956,"Gold 1"
1683907260,"Friday, May 12, 2023 4:01 PM","ninicoco1#NA1",-18,1070,"Gold 2"
1683914269,"Friday, May 12, 2023 5:57 PM","S is for Salt#TF77",0,1764,"Diamond 3"
1683917346,"Friday, May 12, 2023 6:49 PM","S is for Salt#TF77",-23,1741,"Diamond 3"
1683918991,"Friday, May 12, 2023 7:16 PM","S is for Salt#TF77",-15,1726,"Diamond 3"
1683924984,"Friday, May 12, 2023 8:56 PM","S is for Salt#TF77",-18,1708,"Diamond 3"
1683924984,"Friday, May 12, 2023 8:56 PM","nzvbe#NA1",-17,1383,"Platinum 2"
1683937347,"Saturday, May 13, 2023 12:22 AM","ninicoco1#NA1",20,1090,"Gold 2"
1683940072,"Saturday, May 13, 2023 1:07 AM","ninicoco1#NA1",-22,1068,"Gold 2"
1683946582,"Saturday, May 13, 2023 2:56 AM","nzvbe#NA1",-22,1361,"Platinum 2"
1683989918,"Saturday, May 13, 2023 2:58 PM","Da Real Baman#buce",-18,938,"Gold 1"
1683993638,"Saturday, May 13, 2023 4:00 PM","Da Real Baman#buce",23,961,"Gold 1"
1683996042,"Saturday, May 13, 2023 4:40 PM","Da Real Baman#buce",-8,953,"Gold 1"
1684018396,"Saturday, May 13, 2023 10:53 PM","ninicoco1#NA1",-14,1054,"Gold 2"
1683652091,"Tuesday, May 9, 2023 5:08 PM","Mamba0#NA1",33,683,"Silver 1"
1683653761,"Tuesday, May 9, 2023 5:36 PM","Mamba0#NA1",22,710,"Silver 2"
1683665266,"Tuesday, May 9, 2023 8:47 PM","Mamba0#NA1",-12,700,"Silver 2"
1683667692,"Tuesday, May 9, 2023 9:28 PM","Mamba0#NA1",-18,682,"Silver 1"
1683669648,"Tuesday, May 9, 2023 10:00 PM","Mamba0#NA1",17,699,"Silver 1"
1683673684,"Tuesday, May 9, 2023 11:08 PM","Mamba0#NA1",-3,696,"Silver 1"
1683675930,"Tuesday, May 9, 2023 11:45 PM","Mamba0#NA1",46,842,"Silver 3"
1683677985,"Wednesday, May 10, 2023 12:19 AM","Mamba0#NA1",24,866,"Silver 3"
1683680660,"Wednesday, May 10, 2023 1:04 AM","Mamba0#NA1",17,883,"Silver 3"
1683684163,"Wednesday, May 10, 2023 2:02 AM","Mamba0#NA1",-22,861,"Silver 3"
1683764472,"Thursday, May 11, 2023 12:21 AM","Mamba0#NA1",22,883,"Silver 3"
1683768451,"Thursday, May 11, 2023 1:27 AM","Mamba0#NA1",-12,871,"Silver 3"
1683849096,"Thursday, May 11, 2023 11:51 PM","Mamba0#NA1",11,882,"Silver 3"
1683851383,"Friday, May 12, 2023 12:29 AM","Mamba0#NA1",-16,866,"Silver 3"
1684032524,"Sunday, May 14, 2023 2:48 AM","ninicoco1#NA1",28,1082,"Gold 2"
1684032524,"Sunday, May 14, 2023 2:48 AM","Mamba0#NA1",16,882,"Silver 3"
1684041026,"Sunday, May 14, 2023 5:10 AM","rin#jane",35,782,"Silver 2"
1684077898,"Sunday, May 14, 2023 3:24 PM","ninicoco1#NA1",18,1110,"Gold 3"
1684077898,"Sunday, May 14, 2023 3:24 PM","Mamba0#NA1",22,910,"Gold 1"
1684084002,"Sunday, May 14, 2023 5:06 PM","ninicoco1#NA1",-22,1100,"Gold 3"
1684085897,"Sunday, May 14, 2023 5:38 PM","ninicoco1#NA1",-23,1077,"Gold 2"
1684085897,"Sunday, May 14, 2023 5:38 PM","Mamba0#NA1",-19,900,"Gold 1"
1684100441,"Sunday, May 14, 2023 9:40 PM","nzvbe#NA1",14,1375,"Platinum 2"
1684107749,"Sunday, May 14, 2023 11:42 PM","nzvbe#NA1",2,1377,"Platinum 2"
1684109868,"Monday, May 15, 2023 12:17 AM","ninicoco1#NA1",-17,1060,"Gold 2"
1684116278,"Monday, May 15, 2023 2:04 AM","ninicoco1#NA1",-25,1035,"Gold 2"
1684116278,"Monday, May 15, 2023 2:04 AM","Mamba0#NA1",-18,882,"Silver 3"
1684118341,"Monday, May 15, 2023 2:39 AM","ninicoco1#NA1",-20,1015,"Gold 2"
1684118341,"Monday, May 15, 2023 2:39 AM","Mamba0#NA1",-26,856,"Silver 3"
1684118157,"Monday, May 15, 2023 2:35 AM","Raison163#NA1",-13,1357,"Platinum 2"
1684162962,"Monday, May 15, 2023 3:02 PM","ninicoco1#NA1",15,1030,"Gold 2"
1684162962,"Monday, May 15, 2023 3:02 PM","Mamba0#NA1",30,886,"Silver 3"
1684165744,"Monday, May 15, 2023 3:49 PM","ninicoco1#NA1",17,1047,"Gold 2"
1684165744,"Monday, May 15, 2023 3:49 PM","Mamba0#NA1",21,910,"Gold 1"
1684175969,"Monday, May 15, 2023 6:39 PM","Basil#007",10,1091,"Gold 2"
1684178535,"Monday, May 15, 2023 7:22 PM","Basil#007",15,1110,"Gold 3"
1684180651,"Monday, May 15, 2023 7:57 PM","Basil#007",-23,1100,"Gold 3"
1684260170,"Tuesday, May 16, 2023 6:02 PM","ninicoco1#NA1",-28,1019,"Gold 2"
1684260170,"Tuesday, May 16, 2023 6:02 PM","Mamba0#NA1",-19,900,"Gold 1"
1684262699,"Tuesday, May 16, 2023 6:44 PM","Basil#007",-23,1077,"Gold 2"
1684281718,"Wednesday, May 17, 2023 12:01 AM","Raison163#NA1",21,1378,"Platinum 2"
1684281718,"Wednesday, May 17, 2023 12:01 AM","ninicoco1#NA1",22,1041,"Gold 2"
1684285286,"Wednesday, May 17, 2023 1:01 AM","Raison163#NA1",20,1398,"Platinum 2"
1684285286,"Wednesday, May 17, 2023 1:01 AM","ninicoco1#NA1",17,1058,"Gold 2"
1684289365,"Wednesday, May 17, 2023 2:09 AM","finx80#6969",-17,1857,"Ascendant 1"
1684295817,"Wednesday, May 17, 2023 3:56 AM","rin#jane",11,793,"Silver 2"
1684364864,"Wednesday, May 17, 2023 11:07 PM","nzvbe#NA1",-16,1361,"Platinum 2"
1684364382,"Wednesday, May 17, 2023 10:59 PM","Basil#007",14,1091,"Gold 2"
1684366763,"Wednesday, May 17, 2023 11:39 PM","nzvbe#NA1",21,1382,"Platinum 2"
1684368995,"Thursday, May 18, 2023 12:16 AM","pickle#169",-19,1549,"Diamond 1"
1684372238,"Thursday, May 18, 2023 1:10 AM","pickle#169",-16,1533,"Diamond 1"
1684374779,"Thursday, May 18, 2023 1:52 AM","pickle#169",17,1550,"Diamond 1"
1684376435,"Thursday, May 18, 2023 2:20 AM","rin#jane",19,812,"Silver 3"
1684377323,"Thursday, May 18, 2023 2:35 AM","pickle#169",18,1568,"Diamond 1"
1684380190,"Thursday, May 18, 2023 3:23 AM","rin#jane",22,834,"Silver 3"
1684380190,"Thursday, May 18, 2023 3:23 AM","Da Real Baman#buce",23,976,"Gold 1"
1684381324,"Thursday, May 18, 2023 3:42 AM","haruhiism#crstn",19,1832,"Ascendant 1"
1684428791,"Thursday, May 18, 2023 4:53 PM","Da Real Baman#buce",25,1010,"Gold 2"
1684431742,"Thursday, May 18, 2023 5:42 PM","Da Real Baman#buce",-24,1000,"Gold 2"
1684443131,"Thursday, May 18, 2023 8:52 PM","S is for Salt#TF77",20,1728,"Diamond 3"
1684444294,"Thursday, May 18, 2023 9:11 PM","ninicoco1#NA1",11,1069,"Gold 2"
1684450844,"Thursday, May 18, 2023 11:00 PM","pickle#169",25,1593,"Diamond 1"
1684452988,"Thursday, May 18, 2023 11:36 PM","pickle#169",21,1614,"Diamond 2"
1684455618,"Friday, May 19, 2023 12:20 AM","S is for Salt#TF77",16,1744,"Diamond 3"
1684460891,"Friday, May 19, 2023 1:48 AM","S is for Salt#TF77",23,1767,"Diamond 3"
1684460930,"Friday, May 19, 2023 1:48 AM","nzvbe#NA1",-16,1366,"Platinum 2"
1684463317,"Friday, May 19, 2023 2:28 AM","rin#jane",26,860,"Silver 3"
1684463126,"Friday, May 19, 2023 2:25 AM","S is for Salt#TF77",-15,1752,"Diamond 3"
1684463206,"Friday, May 19, 2023 2:26 AM","finx80#6969",-19,1838,"Ascendant 1"
1659329867,"Monday, August 1, 2022 4:57 AM","ayK#min",23,1797,"Diamond 3"
1659332082,"Monday, August 1, 2022 5:34 AM","ayK#min",21,1818,"Ascendant 1"
1660014026,"Tuesday, August 9, 2022 3:00 AM","ayK#min",-17,1801,"Ascendant 1"
1660016707,"Tuesday, August 9, 2022 3:45 AM","ayK#min",-14,1800,"Ascendant 1"
1672801116,"Wednesday, January 4, 2023 2:58 AM","ayK#min",-25,1775,"Diamond 3"
1684463447,"Friday, May 19, 2023 2:30 AM","nzvbe#NA1",1,1367,"Platinum 2"
1684465604,"Friday, May 19, 2023 3:06 AM","rin#jane",21,881,"Silver 3"
1684466050,"Friday, May 19, 2023 3:14 AM","S is for Salt#TF77",14,1766,"Diamond 3"
1684466050,"Friday, May 19, 2023 3:14 AM","pickle#169",17,1631,"Diamond 2"
1684468957,"Friday, May 19, 2023 4:02 AM","S is for Salt#TF77",-16,1750,"Diamond 3"
1684468132,"Friday, May 19, 2023 3:48 AM","nzvbe#NA1",18,1385,"Platinum 2"
1684468957,"Friday, May 19, 2023 4:02 AM","ayK#min",0,1550,"Diamond 1"
1684470371,"Friday, May 19, 2023 4:26 AM","nzvbe#NA1",-17,1368,"Platinum 2"
1684471058,"Friday, May 19, 2023 4:37 AM","S is for Salt#TF77",16,1766,"Diamond 3"
1684471058,"Friday, May 19, 2023 4:37 AM","ayK#min",24,1574,"Diamond 1"
1684473333,"Friday, May 19, 2023 5:15 AM","S is for Salt#TF77",-16,1750,"Diamond 3"
1684473333,"Friday, May 19, 2023 5:15 AM","M is for Mid#Smex",-18,1806,"Ascendant 1"
1684473333,"Friday, May 19, 2023 5:15 AM","ayK#min",-10,1564,"Diamond 1"
1684475519,"Friday, May 19, 2023 5:51 AM","S is for Salt#TF77",-18,1732,"Diamond 3"
1684475519,"Friday, May 19, 2023 5:51 AM","M is for Mid#Smex",-22,1800,"Ascendant 1"
1684475519,"Friday, May 19, 2023 5:51 AM","ayK#min",-13,1551,"Diamond 1"
1684476248,"Friday, May 19, 2023 6:04 AM","S is for Salt#TF77",-19,1713,"Diamond 3"
1684476248,"Friday, May 19, 2023 6:04 AM","M is for Mid#Smex",-18,1782,"Diamond 3"
1684476248,"Friday, May 19, 2023 6:04 AM","ayK#min",-11,1540,"Diamond 1"
1684478530,"Friday, May 19, 2023 6:42 AM","M is for Mid#Smex",-18,1764,"Diamond 3"
1684478530,"Friday, May 19, 2023 6:42 AM","ayK#min",-9,1531,"Diamond 1"
1684480603,"Friday, May 19, 2023 7:16 AM","M is for Mid#Smex",-15,1749,"Diamond 3"
1684480603,"Friday, May 19, 2023 7:16 AM","ayK#min",-10,1521,"Diamond 1"
1684518520,"Friday, May 19, 2023 5:48 PM","S is for Salt#TF77",-20,1700,"Diamond 3"
1684527869,"Friday, May 19, 2023 8:24 PM","S is for Salt#TF77",-23,1677,"Diamond 2"
1684542772,"Saturday, May 20, 2023 12:32 AM","pickle#169",-16,1615,"Diamond 2"
1684544760,"Saturday, May 20, 2023 1:06 AM","pickle#169",19,1634,"Diamond 2"
1684545682,"Saturday, May 20, 2023 1:21 AM","rin#jane",21,910,"Gold 1"
1684546965,"Saturday, May 20, 2023 1:42 AM","S is for Salt#TF77",-18,1659,"Diamond 2"
1684546965,"Saturday, May 20, 2023 1:42 AM","pickle#169",-16,1618,"Diamond 2"
1684549996,"Saturday, May 20, 2023 2:33 AM","rin#jane",14,924,"Gold 1"
1684578169,"Saturday, May 20, 2023 10:22 AM","S is for Salt#TF77",0,1659,"Diamond 2"
1684629072,"Sunday, May 21, 2023 12:31 AM","Phyzzl#2702",-25,1808,"Ascendant 1"
1684631783,"Sunday, May 21, 2023 1:16 AM","rin#jane",17,941,"Gold 1"
1684631783,"Sunday, May 21, 2023 1:16 AM","ninicoco1#NA1",25,1091,"Gold 2"
1684631537,"Sunday, May 21, 2023 1:12 AM","nzvbe#NA1",15,1383,"Platinum 2"
1684632158,"Sunday, May 21, 2023 1:22 AM","Phyzzl#2702",18,1826,"Ascendant 1"
1684633832,"Sunday, May 21, 2023 1:50 AM","rin#jane",30,971,"Gold 1"
1684633832,"Sunday, May 21, 2023 1:50 AM","ninicoco1#NA1",25,1116,"Gold 3"
1684633118,"Sunday, May 21, 2023 1:38 AM","haruhiism#crstn",-20,1812,"Ascendant 1"
1684633631,"Sunday, May 21, 2023 1:47 AM","nzvbe#NA1",-19,1364,"Platinum 2"
1684636861,"Sunday, May 21, 2023 2:41 AM","nzvbe#NA1",28,1392,"Platinum 2"
1684636431,"Sunday, May 21, 2023 2:33 AM","rin#jane",-14,957,"Gold 1"
1684636431,"Sunday, May 21, 2023 2:33 AM","ninicoco1#NA1",-15,1101,"Gold 3"
1684638627,"Sunday, May 21, 2023 3:10 AM","nzvbe#NA1",17,1410,"Platinum 3"
1684675993,"Sunday, May 21, 2023 1:33 PM","ninicoco1#NA1",14,1115,"Gold 3"
1684678667,"Sunday, May 21, 2023 2:17 PM","ninicoco1#NA1",17,1132,"Gold 3"
1684684490,"Sunday, May 21, 2023 3:54 PM","ninicoco1#NA1",18,1150,"Gold 3"
1684686477,"Sunday, May 21, 2023 4:27 PM","ninicoco1#NA1",17,1167,"Gold 3"
1684690619,"Sunday, May 21, 2023 5:36 PM","ninicoco1#NA1",-19,1148,"Gold 3"
1684703751,"Sunday, May 21, 2023 9:15 PM","ninicoco1#NA1",-16,1132,"Gold 3"
1684707060,"Sunday, May 21, 2023 10:11 PM","Tigerfire77#SifS",15,1225,"Platinum 1"
1684707060,"Sunday, May 21, 2023 10:11 PM","ninicoco1#NA1",17,1149,"Gold 3"
1684707060,"Sunday, May 21, 2023 10:11 PM","Basil#007",24,1115,"Gold 3"
1684729562,"Monday, May 22, 2023 4:26 AM","Basil#007",10,1125,"Gold 3"
1684719935,"Monday, May 22, 2023 1:45 AM","nzvbe#NA1",-15,1400,"Platinum 3"
1684726600,"Monday, May 22, 2023 3:36 AM","rin#jane",26,983,"Gold 1"
1684729562,"Monday, May 22, 2023 4:26 AM","rin#jane",14,997,"Gold 1"
1684739004,"Monday, May 22, 2023 7:03 AM","nzvbe#NA1",-21,1379,"Platinum 2"
1684739933,"Monday, May 22, 2023 7:18 AM","S is for Salt#TF77",-20,1639,"Diamond 2"
1684741460,"Monday, May 22, 2023 7:44 AM","nzvbe#NA1",18,1397,"Platinum 2"
1684742445,"Monday, May 22, 2023 8:00 AM","S is for Salt#TF77",17,1656,"Diamond 2"
1684763475,"Monday, May 22, 2023 1:51 PM","Da Real Baman#buce",24,1024,"Gold 2"
1684765233,"Monday, May 22, 2023 2:20 PM","Da Real Baman#buce",23,1047,"Gold 2"
1684767400,"Monday, May 22, 2023 2:56 PM","Da Real Baman#buce",-15,1032,"Gold 2"
1684774971,"Monday, May 22, 2023 5:02 PM","Da Real Baman#buce",20,1052,"Gold 2"
1684774971,"Monday, May 22, 2023 5:02 PM","nzvbe#NA1",14,1411,"Platinum 3"
1684777093,"Monday, May 22, 2023 5:38 PM","S is for Salt#TF77",-21,1635,"Diamond 2"
1684779115,"Monday, May 22, 2023 6:11 PM","S is for Salt#TF77",-14,1621,"Diamond 2"
1684779577,"Monday, May 22, 2023 6:19 PM","Da Real Baman#buce",21,1073,"Gold 2"
1684779577,"Monday, May 22, 2023 6:19 PM","nzvbe#NA1",14,1425,"Platinum 3"
1684780993,"Monday, May 22, 2023 6:43 PM","S is for Salt#TF77",23,1644,"Diamond 2"
1684783048,"Monday, May 22, 2023 7:17 PM","S is for Salt#TF77",-17,1627,"Diamond 2"
1684787715,"Monday, May 22, 2023 8:35 PM","S is for Salt#TF77",22,1649,"Diamond 2"
1684790057,"Monday, May 22, 2023 9:14 PM","S is for Salt#TF77",20,1669,"Diamond 2"
1684790392,"Monday, May 22, 2023 9:19 PM","nzvbe#NA1",17,1442,"Platinum 3"
1684796874,"Monday, May 22, 2023 11:07 PM","ninicoco1#NA1",-17,1132,"Gold 3"
1684799040,"Monday, May 22, 2023 11:44 PM","nzvbe#NA1",-17,1425,"Platinum 3"
1684800384,"Tuesday, May 23, 2023 12:06 AM","Raison163#NA1",-18,1380,"Platinum 2"
1684800384,"Tuesday, May 23, 2023 12:06 AM","ninicoco1#NA1",-10,1122,"Gold 3"
1684800857,"Tuesday, May 23, 2023 12:14 AM","nzvbe#NA1",18,1443,"Platinum 3"
1684803834,"Tuesday, May 23, 2023 1:03 AM","rin#jane",-23,974,"Gold 1"
1684803420,"Tuesday, May 23, 2023 12:57 AM","Raison163#NA1",12,1392,"Platinum 2"
1684803420,"Tuesday, May 23, 2023 12:57 AM","ninicoco1#NA1",18,1140,"Gold 3"
1684804443,"Tuesday, May 23, 2023 1:14 AM","pickle#169",-14,1604,"Diamond 2"
1684807261,"Tuesday, May 23, 2023 2:01 AM","rin#jane",21,995,"Gold 1"
1684806887,"Tuesday, May 23, 2023 1:54 AM","Raison163#NA1",21,1413,"Platinum 3"
1684806887,"Tuesday, May 23, 2023 1:54 AM","ninicoco1#NA1",19,1159,"Gold 3"
1684809717,"Tuesday, May 23, 2023 2:41 AM","rin#jane",-17,978,"Gold 1"
1684845641,"Tuesday, May 23, 2023 12:40 PM","S is for Salt#TF77",17,1686,"Diamond 2"
1684853040,"Tuesday, May 23, 2023 2:44 PM","S is for Salt#TF77",20,1710,"Diamond 3"
1684855278,"Tuesday, May 23, 2023 3:21 PM","S is for Salt#TF77",18,1728,"Diamond 3"
1684869521,"Tuesday, May 23, 2023 7:18 PM","S is for Salt#TF77",18,1746,"Diamond 3"
1684872062,"Tuesday, May 23, 2023 8:01 PM","S is for Salt#TF77",21,1767,"Diamond 3"
1684857727,"Tuesday, May 23, 2023 4:02 PM","Da Real Baman#buce",-19,1054,"Gold 2"
1684860074,"Tuesday, May 23, 2023 4:41 PM","Da Real Baman#buce",-15,1039,"Gold 2"
1684872062,"Tuesday, May 23, 2023 8:01 PM","pickle#169",25,1629,"Diamond 2"
1684873774,"Tuesday, May 23, 2023 8:29 PM","S is for Salt#TF77",-22,1745,"Diamond 3"
1684873774,"Tuesday, May 23, 2023 8:29 PM","pickle#169",-18,1611,"Diamond 2"
1684633832,"Sunday, May 21, 2023 1:50 AM","ryanC#5577",27,1510,"Diamond 1"
1684779115,"Monday, May 22, 2023 6:11 PM","ryanC#5577",-21,1500,"Diamond 1"
1684780993,"Monday, May 22, 2023 6:43 PM","ryanC#5577",18,1518,"Diamond 1"
1684783048,"Monday, May 22, 2023 7:17 PM","ryanC#5577",-23,1500,"Diamond 1"
1684790057,"Monday, May 22, 2023 9:14 PM","ryanC#5577",21,1521,"Diamond 1"
1684855278,"Tuesday, May 23, 2023 3:21 PM","ryanC#5577",12,1533,"Diamond 1"
1684872062,"Tuesday, May 23, 2023 8:01 PM","ryanC#5577",18,1551,"Diamond 1"
1684873774,"Tuesday, May 23, 2023 8:29 PM","ryanC#5577",-17,1534,"Diamond 1"
1684886307,"Tuesday, May 23, 2023 11:58 PM","S is for Salt#TF77",22,1767,"Diamond 3"
1684885250,"Tuesday, May 23, 2023 11:40 PM","Phyzzl#2702",-15,1811,"Ascendant 1"
1684883097,"Tuesday, May 23, 2023 11:04 PM","pickle#169",26,1637,"Diamond 2"
1684885250,"Tuesday, May 23, 2023 11:40 PM","pickle#169",-18,1619,"Diamond 2"
1684880833,"Tuesday, May 23, 2023 10:27 PM","ryanC#5577",-13,1521,"Diamond 1"
1684887603,"Wednesday, May 24, 2023 12:20 AM","Phyzzl#2702",15,1826,"Ascendant 1"
1684887603,"Wednesday, May 24, 2023 12:20 AM","pickle#169",20,1639,"Diamond 2"
1684888496,"Wednesday, May 24, 2023 12:34 AM","S is for Salt#TF77",17,1784,"Diamond 3"
1684891808,"Wednesday, May 24, 2023 1:30 AM","ninicoco1#NA1",27,1186,"Gold 3"
1684894258,"Wednesday, May 24, 2023 2:10 AM","rin#jane",16,994,"Gold 1"
1684897086,"Wednesday, May 24, 2023 2:58 AM","rin#jane",-20,974,"Gold 1"
1684898429,"Wednesday, May 24, 2023 3:20 AM","nzvbe#NA1",-20,1423,"Platinum 3"
1684904579,"Wednesday, May 24, 2023 5:02 AM","Mamba0#NA1",21,921,"Gold 1"
1684930521,"Wednesday, May 24, 2023 12:15 PM","finx80#6969",17,1855,"Ascendant 1"
1684932675,"Wednesday, May 24, 2023 12:51 PM","finx80#6969",20,1875,"Ascendant 1"
1684935052,"Wednesday, May 24, 2023 1:30 PM","finx80#6969",-17,1858,"Ascendant 1"
1684937124,"Wednesday, May 24, 2023 2:05 PM","Da Real Baman#buce",-18,1021,"Gold 2"
1684937354,"Wednesday, May 24, 2023 2:09 PM","finx80#6969",-19,1839,"Ascendant 1"
1684938160,"Wednesday, May 24, 2023 2:22 PM","Da Real Baman#buce",17,1038,"Gold 2"
1684941129,"Wednesday, May 24, 2023 3:12 PM","Da Real Baman#buce",13,1051,"Gold 2"
1684950301,"Wednesday, May 24, 2023 5:45 PM","pickle#169",-19,1620,"Diamond 2"
1684951607,"Wednesday, May 24, 2023 6:06 PM","ninicoco1#NA1",-27,1159,"Gold 3"
1684951896,"Wednesday, May 24, 2023 6:11 PM","pickle#169",-20,1600,"Diamond 2"
1684951607,"Wednesday, May 24, 2023 6:06 PM","Mamba0#NA1",-12,909,"Gold 1"
1684953827,"Wednesday, May 24, 2023 6:43 PM","ninicoco1#NA1",-15,1144,"Gold 3"
1684954750,"Wednesday, May 24, 2023 6:59 PM","pickle#169",-14,1586,"Diamond 1"
1684953827,"Wednesday, May 24, 2023 6:43 PM","Mamba0#NA1",-16,900,"Gold 1"
1684954750,"Wednesday, May 24, 2023 6:59 PM","ryanC#5577",-17,1504,"Diamond 1"
1684954750,"Wednesday, May 24, 2023 6:59 PM","S is for Salt#TF77",-19,1765,"Diamond 3"
1684957705,"Wednesday, May 24, 2023 7:48 PM","S is for Salt#TF77",21,1786,"Diamond 3"
1684957705,"Wednesday, May 24, 2023 7:48 PM","pickle#169",21,1610,"Diamond 2"
1684957705,"Wednesday, May 24, 2023 7:48 PM","ryanC#5577",19,1523,"Diamond 1"
1684957164,"Wednesday, May 24, 2023 7:39 PM","ninicoco1#NA1",0,1144,"Gold 3"
1684957164,"Wednesday, May 24, 2023 7:39 PM","Basil#007",1,1126,"Gold 3"
1684960353,"Wednesday, May 24, 2023 8:32 PM","Basil#007",-29,1100,"Gold 3"
1684964541,"Wednesday, May 24, 2023 9:42 PM","Basil#007",18,1118,"Gold 3"
1684964541,"Wednesday, May 24, 2023 9:42 PM","Da Real Baman#buce",24,1075,"Gold 2"
1684966698,"Wednesday, May 24, 2023 10:18 PM","Basil#007",27,1145,"Gold 3"
1684967240,"Wednesday, May 24, 2023 10:27 PM","Tigerfire77#SifS",-11,1214,"Platinum 1"
1684968799,"Wednesday, May 24, 2023 10:53 PM","Basil#007",10,1155,"Gold 3"
1684971796,"Wednesday, May 24, 2023 11:43 PM","Basil#007",-18,1137,"Gold 3"
1684982078,"Thursday, May 25, 2023 2:34 AM","Tigerfire77#SifS",-23,1200,"Platinum 1"
1684983859,"Thursday, May 25, 2023 3:04 AM","Tigerfire77#SifS",15,1215,"Platinum 1"
1685003689,"Thursday, May 25, 2023 8:34 AM","S is for Salt#TF77",-17,1769,"Diamond 3"
1685006280,"Thursday, May 25, 2023 9:18 AM","S is for Salt#TF77",18,1787,"Diamond 3"
1685006280,"Thursday, May 25, 2023 9:18 AM","finx80#6969",20,1859,"Ascendant 1"
1685008350,"Thursday, May 25, 2023 9:52 AM","S is for Salt#TF77",14,1810,"Ascendant 1"
1685008350,"Thursday, May 25, 2023 9:52 AM","finx80#6969",20,1879,"Ascendant 1"
1685017871,"Thursday, May 25, 2023 12:31 PM","Basil#007",-18,1119,"Gold 3"
1685020121,"Thursday, May 25, 2023 1:08 PM","Basil#007",18,1137,"Gold 3"
1685021618,"Thursday, May 25, 2023 1:33 PM","Basil#007",20,1157,"Gold 3"
1685022633,"Thursday, May 25, 2023 1:50 PM","Tigerfire77#SifS",-9,1206,"Platinum 1"
1685023757,"Thursday, May 25, 2023 2:09 PM","Basil#007",-17,1140,"Gold 3"
1685033316,"Thursday, May 25, 2023 4:48 PM","Basil#007",-24,1116,"Gold 3"
1685035369,"Thursday, May 25, 2023 5:22 PM","Basil#007",-21,1100,"Gold 3"
1685037750,"Thursday, May 25, 2023 6:02 PM","Basil#007",-23,1077,"Gold 2"
1685040284,"Thursday, May 25, 2023 6:44 PM","Basil#007",12,1089,"Gold 2"
1685043246,"Thursday, May 25, 2023 7:34 PM","Raison163#NA1",20,1433,"Platinum 3"
1685043246,"Thursday, May 25, 2023 7:34 PM","ryanC#5577",15,1538,"Diamond 1"
1685047771,"Thursday, May 25, 2023 8:49 PM","rin#jane",-41,933,"Gold 1"
1685053939,"Thursday, May 25, 2023 10:32 PM","Tigerfire77#SifS",17,1223,"Platinum 1"
1685056540,"Thursday, May 25, 2023 11:15 PM","Tigerfire77#SifS",27,1250,"Platinum 1"
1685059980,"Friday, May 26, 2023 12:13 AM","nzvbe#NA1",26,1449,"Platinum 3"
1685062004,"Friday, May 26, 2023 12:46 AM","nzvbe#NA1",-21,1428,"Platinum 3"
1685063869,"Friday, May 26, 2023 1:17 AM","nzvbe#NA1",-20,1408,"Platinum 3"
1685063753,"Friday, May 26, 2023 1:15 AM","pickle#169",-15,1600,"Diamond 2"
1685067286,"Friday, May 26, 2023 2:14 AM","Raison163#NA1",16,1449,"Platinum 3"
1685067306,"Friday, May 26, 2023 2:15 AM","pickle#169",23,1623,"Diamond 2"
1685067286,"Friday, May 26, 2023 2:14 AM","ryanC#5577",21,1559,"Diamond 1"
1685070335,"Friday, May 26, 2023 3:05 AM","Tigerfire77#SifS",-17,1233,"Platinum 1"
1685070335,"Friday, May 26, 2023 3:05 AM","ninicoco1#NA1",-14,1130,"Gold 3"
1685086646,"Friday, May 26, 2023 7:37 AM","finx80#6969",17,1896,"Ascendant 1"
1685088937,"Friday, May 26, 2023 8:15 AM","finx80#6969",18,1914,"Ascendant 2"
1685107037,"Friday, May 26, 2023 1:17 PM","finx80#6969",17,1931,"Ascendant 2"
1685109475,"Friday, May 26, 2023 1:57 PM","finx80#6969",-19,1912,"Ascendant 2"
1685110972,"Friday, May 26, 2023 2:22 PM","finx80#6969",20,1932,"Ascendant 2"
1685115539,"Friday, May 26, 2023 3:38 PM","Tigerfire77#SifS",27,1260,"Platinum 1"
1685116842,"Friday, May 26, 2023 4:00 PM","Basil#007",-22,1067,"Gold 2"
1685117597,"Friday, May 26, 2023 4:13 PM","Tigerfire77#SifS",-22,1238,"Platinum 1"
1685119098,"Friday, May 26, 2023 4:38 PM","Basil#007",18,1085,"Gold 2"
1685121887,"Friday, May 26, 2023 5:24 PM","Basil#007",15,1110,"Gold 3"
1685124189,"Friday, May 26, 2023 6:03 PM","Basil#007",19,1129,"Gold 3"
1685127100,"Friday, May 26, 2023 6:51 PM","Basil#007",15,1144,"Gold 3"
1685138506,"Friday, May 26, 2023 10:01 PM","ninicoco1#NA1",28,1158,"Gold 3"
1685141158,"Friday, May 26, 2023 10:45 PM","ninicoco1#NA1",17,1175,"Gold 3"
1685144161,"Friday, May 26, 2023 11:36 PM","ninicoco1#NA1",-24,1151,"Gold 3"
1685144950,"Friday, May 26, 2023 11:49 PM","haruhiism#crstn",-19,1800,"Ascendant 1"
1685147520,"Saturday, May 27, 2023 12:31 AM","Basil#007",14,1158,"Gold 3"
1685146802,"Saturday, May 27, 2023 12:20 AM","ninicoco1#NA1",-25,1126,"Gold 3"
1685146802,"Saturday, May 27, 2023 12:20 AM","Mamba0#NA1",-14,886,"Silver 3"
1685148966,"Saturday, May 27, 2023 12:56 AM","Da Real Baman#buce",15,1090,"Gold 2"
1685149917,"Saturday, May 27, 2023 1:11 AM","Basil#007",15,1173,"Gold 3"
1685149857,"Saturday, May 27, 2023 1:10 AM","nzvbe#NA1",-13,1400,"Platinum 3"
1685150296,"Saturday, May 27, 2023 1:18 AM","ninicoco1#NA1",-12,1114,"Gold 3"
1685150296,"Saturday, May 27, 2023 1:18 AM","Mamba0#NA1",-20,866,"Silver 3"
1685151154,"Saturday, May 27, 2023 1:32 AM","Da Real Baman#buce",-13,1077,"Gold 2"
1685153288,"Saturday, May 27, 2023 2:08 AM","Phyzzl#2702",20,1846,"Ascendant 1"
1685152732,"Saturday, May 27, 2023 1:58 AM","Basil#007",16,1189,"Gold 3"
1685152334,"Saturday, May 27, 2023 1:52 AM","nzvbe#NA1",-13,1387,"Platinum 2"
1685154203,"Saturday, May 27, 2023 2:23 AM","Da Real Baman#buce",-13,1064,"Gold 2"
1685158193,"Saturday, May 27, 2023 3:29 AM","Basil#007",19,1210,"Platinum 1"
1685161900,"Saturday, May 27, 2023 4:31 AM","Phyzzl#2702",-23,1823,"Ascendant 1"
1685163899,"Saturday, May 27, 2023 5:04 AM","Phyzzl#2702",-21,1802,"Ascendant 1"
1685203156,"Saturday, May 27, 2023 3:59 PM","Raison163#NA1",-19,1430,"Platinum 3"
1685205175,"Saturday, May 27, 2023 4:32 PM","Raison163#NA1",-26,1404,"Platinum 3"
1685209799,"Saturday, May 27, 2023 5:49 PM","Raison163#NA1",-26,1400,"Platinum 3"
1685229404,"Saturday, May 27, 2023 11:16 PM","ayK#min",-13,1508,"Diamond 1"
1685230523,"Saturday, May 27, 2023 11:35 PM","nzvbe#NA1",-23,1364,"Platinum 2"
1685231861,"Saturday, May 27, 2023 11:57 PM","ayK#min",23,1531,"Diamond 1"
1685232908,"Sunday, May 28, 2023 12:15 AM","nzvbe#NA1",-18,1346,"Platinum 2"
1685234191,"Sunday, May 28, 2023 12:36 AM","ayK#min",-12,1519,"Diamond 1"
1685237893,"Sunday, May 28, 2023 1:38 AM","ayK#min",-16,1503,"Diamond 1"
1685239099,"Sunday, May 28, 2023 1:58 AM","ayK#min",-14,1500,"Diamond 1"
1685254202,"Sunday, May 28, 2023 6:10 AM","rin#jane",22,955,"Gold 1"
1685254801,"Sunday, May 28, 2023 6:20 AM","nzvbe#NA1",-18,1328,"Platinum 2"
1685256284,"Sunday, May 28, 2023 6:44 AM","rin#jane",-20,935,"Gold 1"
1685258607,"Sunday, May 28, 2023 7:23 AM","rin#jane",-22,913,"Gold 1"
1685292301,"Sunday, May 28, 2023 4:45 PM","nzvbe#NA1",23,1351,"Platinum 2"
1685294482,"Sunday, May 28, 2023 5:21 PM","nzvbe#NA1",17,1368,"Platinum 2"
1685297017,"Sunday, May 28, 2023 6:03 PM","nzvbe#NA1",23,1391,"Platinum 2"
1685304529,"Sunday, May 28, 2023 8:08 PM","haruhiism#crstn",21,1821,"Ascendant 1"
1685299009,"Sunday, May 28, 2023 6:36 PM","nzvbe#NA1",-18,1373,"Platinum 2"
1685301790,"Sunday, May 28, 2023 7:23 PM","nzvbe#NA1",19,1392,"Platinum 2"
1685304148,"Sunday, May 28, 2023 8:02 PM","nzvbe#NA1",15,1410,"Platinum 3"
1685307018,"Sunday, May 28, 2023 8:50 PM","Raison163#NA1",22,1422,"Platinum 3"
1685310261,"Sunday, May 28, 2023 9:44 PM","Raison163#NA1",29,1451,"Platinum 3"
1685313666,"Sunday, May 28, 2023 10:41 PM","Phyzzl#2702",-14,1800,"Ascendant 1"
1685313666,"Sunday, May 28, 2023 10:41 PM","Basil#007",-18,1200,"Platinum 1"
1685316446,"Sunday, May 28, 2023 11:27 PM","Basil#007",21,1221,"Platinum 1"
1685316446,"Sunday, May 28, 2023 11:27 PM","Phyzzl#2702",16,1816,"Ascendant 1"
1685328004,"Monday, May 29, 2023 2:40 AM","pickle#169",-14,1609,"Diamond 2"
1685313666,"Sunday, May 28, 2023 10:41 PM","Raison163#NA1",-15,1436,"Platinum 3"
1685316446,"Sunday, May 28, 2023 11:27 PM","Raison163#NA1",17,1453,"Platinum 3"
1685364278,"Monday, May 29, 2023 12:44 PM","Raison163#NA1",24,1477,"Platinum 3"
1685368385,"Monday, May 29, 2023 1:53 PM","Da Real Baman#buce",12,1076,"Gold 2"
1685370881,"Monday, May 29, 2023 2:34 PM","Da Real Baman#buce",-24,1052,"Gold 2"
1685372605,"Monday, May 29, 2023 3:03 PM","Da Real Baman#buce",-13,1039,"Gold 2"
1685379010,"Monday, May 29, 2023 4:50 PM","Raison163#NA1",13,1490,"Platinum 3"
1685379010,"Monday, May 29, 2023 4:50 PM","Phyzzl#2702",9,1825,"Ascendant 1"
1685379010,"Monday, May 29, 2023 4:50 PM","pickle#169",14,1623,"Diamond 2"
1685381684,"Monday, May 29, 2023 5:34 PM","nzvbe#NA1",17,1427,"Platinum 3"
1685384139,"Monday, May 29, 2023 6:15 PM","nzvbe#NA1",-25,1402,"Platinum 3"
1685395833,"Monday, May 29, 2023 9:30 PM","nzvbe#NA1",18,1420,"Platinum 3"
1685396675,"Monday, May 29, 2023 9:44 PM","Raison163#NA1",20,1510,"Diamond 1"
1685396675,"Monday, May 29, 2023 9:44 PM","ryanC#5577",22,1581,"Diamond 1"
1685399159,"Monday, May 29, 2023 10:25 PM","Tigerfire77#SifS",22,1260,"Platinum 1"
1685399159,"Monday, May 29, 2023 10:25 PM","Raison163#NA1",26,1536,"Diamond 1"
1685399159,"Monday, May 29, 2023 10:25 PM","Basil#007",28,1249,"Platinum 1"
1685399159,"Monday, May 29, 2023 10:25 PM","ryanC#5577",28,1610,"Diamond 2"
1685401882,"Monday, May 29, 2023 11:11 PM","Tigerfire77#SifS",-24,1236,"Platinum 1"
1685401882,"Monday, May 29, 2023 11:11 PM","Basil#007",-23,1226,"Platinum 1"
1685404164,"Monday, May 29, 2023 11:49 PM","Tigerfire77#SifS",-20,1216,"Platinum 1"
1685404164,"Monday, May 29, 2023 11:49 PM","Basil#007",-20,1206,"Platinum 1"
1685404491,"Monday, May 29, 2023 11:54 PM","haruhiism#crstn",16,1837,"Ascendant 1"
1685405265,"Tuesday, May 30, 2023 12:07 AM","nzvbe#NA1",-17,1403,"Platinum 3"
1685406141,"Tuesday, May 30, 2023 12:22 AM","Tigerfire77#SifS",-11,1205,"Platinum 1"
1685406141,"Tuesday, May 30, 2023 12:22 AM","Basil#007",-17,1200,"Platinum 1"
1685407168,"Tuesday, May 30, 2023 12:39 AM","Raison163#NA1",-22,1514,"Diamond 1"
1685407168,"Tuesday, May 30, 2023 12:39 AM","pickle#169",-17,1606,"Diamond 2"
1685407168,"Tuesday, May 30, 2023 12:39 AM","ryanC#5577",-18,1600,"Diamond 2"
1685409889,"Tuesday, May 30, 2023 1:24 AM","pickle#169",-19,1600,"Diamond 2"
1685410069,"Tuesday, May 30, 2023 1:27 AM","Basil#007",14,1214,"Platinum 1"
1685410458,"Tuesday, May 30, 2023 1:34 AM","nzvbe#NA1",20,1423,"Platinum 3"
1685412329,"Tuesday, May 30, 2023 2:05 AM","Tigerfire77#SifS",-22,1200,"Platinum 1"
1685412329,"Tuesday, May 30, 2023 2:05 AM","Basil#007",-12,1202,"Platinum 1"
1685412923,"Tuesday, May 30, 2023 2:15 AM","nzvbe#NA1",-16,1407,"Platinum 3"
1685421737,"Tuesday, May 30, 2023 4:42 AM","S is for Salt#TF77",17,1827,"Ascendant 1"
1685434997,"Tuesday, May 30, 2023 8:23 AM","S is for Salt#TF77",16,1843,"Ascendant 1"
1685461618,"Tuesday, May 30, 2023 3:46 PM","Da Real Baman#buce",-19,1020,"Gold 2"
1685463461,"Tuesday, May 30, 2023 4:17 PM","Raison163#NA1",19,1533,"Diamond 1"
1685465155,"Tuesday, May 30, 2023 4:45 PM","Basil#007",18,1220,"Platinum 1"
1685465155,"Tuesday, May 30, 2023 4:45 PM","Da Real Baman#buce",19,1036,"Gold 2"
1685470222,"Tuesday, May 30, 2023 6:10 PM","S is for Salt#TF77",-20,1823,"Ascendant 1"
1685479353,"Tuesday, May 30, 2023 8:42 PM","haruhiism#crstn",11,1848,"Ascendant 1"
1685481025,"Tuesday, May 30, 2023 9:10 PM","S is for Salt#TF77",-13,1810,"Ascendant 1"
1685481543,"Tuesday, May 30, 2023 9:19 PM","Basil#007",-22,1200,"Platinum 1"
1685481543,"Tuesday, May 30, 2023 9:19 PM","Da Real Baman#buce",-19,1017,"Gold 2"
1685483760,"Tuesday, May 30, 2023 9:56 PM","S is for Salt#TF77",-20,1800,"Ascendant 1"
1685484638,"Tuesday, May 30, 2023 10:10 PM","ninicoco1#NA1",18,1132,"Gold 3"
1685484343,"Tuesday, May 30, 2023 10:05 PM","Basil#007",-28,1172,"Gold 3"
1685484343,"Tuesday, May 30, 2023 10:05 PM","Da Real Baman#buce",-15,1002,"Gold 2"
1685486160,"Tuesday, May 30, 2023 10:35 PM","Tigerfire77#SifS",16,1216,"Platinum 1"
1685486365,"Tuesday, May 30, 2023 10:39 PM","ninicoco1#NA1",-20,1112,"Gold 3"
1685487611,"Tuesday, May 30, 2023 11:00 PM","nzvbe#NA1",18,1425,"Platinum 3"
1685488967,"Tuesday, May 30, 2023 11:22 PM","ninicoco1#NA1",13,1125,"Gold 3"
1685492203,"Wednesday, May 31, 2023 12:16 AM","Tigerfire77#SifS",21,1237,"Platinum 1"
1685492203,"Wednesday, May 31, 2023 12:16 AM","ninicoco1#NA1",28,1153,"Gold 3"
1685492203,"Wednesday, May 31, 2023 12:16 AM","Da Real Baman#buce",31,1033,"Gold 2"
1685492657,"Wednesday, May 31, 2023 12:24 AM","nzvbe#NA1",25,1450,"Platinum 3"
1685493993,"Wednesday, May 31, 2023 12:46 AM","haruhiism#crstn",20,1868,"Ascendant 1"
1685494409,"Wednesday, May 31, 2023 12:53 AM","Tigerfire77#SifS",-20,1217,"Platinum 1"
1685494409,"Wednesday, May 31, 2023 12:53 AM","ninicoco1#NA1",-18,1135,"Gold 3"
1685494409,"Wednesday, May 31, 2023 12:53 AM","Da Real Baman#buce",-21,1012,"Gold 2"
1685495062,"Wednesday, May 31, 2023 1:04 AM","nzvbe#NA1",15,1465,"Platinum 3"
1685495857,"Wednesday, May 31, 2023 1:17 AM","haruhiism#crstn",-16,1852,"Ascendant 1"
1685498329,"Wednesday, May 31, 2023 1:58 AM","nzvbe#NA1",16,1481,"Platinum 3"
1685498446,"Wednesday, May 31, 2023 2:00 AM","pickle#169",16,1616,"Diamond 2"
1685500198,"Wednesday, May 31, 2023 2:29 AM","nzvbe#NA1",12,1493,"Platinum 3"
1685502612,"Wednesday, May 31, 2023 3:10 AM","nzvbe#NA1",-14,1479,"Platinum 3"
1685506529,"Wednesday, May 31, 2023 4:15 AM","nzvbe#NA1",32,1511,"Diamond 1"
1685520453,"Wednesday, May 31, 2023 8:07 AM","S is for Salt#TF77",22,1822,"Ascendant 1"
1685521967,"Wednesday, May 31, 2023 8:32 AM","S is for Salt#TF77",18,1840,"Ascendant 1"
1685534707,"Wednesday, May 31, 2023 12:05 PM","ninicoco1#NA1",-19,1116,"Gold 3"
1685535799,"Wednesday, May 31, 2023 12:23 PM","Da Real Baman#buce",20,1032,"Gold 2"
1685536957,"Wednesday, May 31, 2023 12:42 PM","ninicoco1#NA1",-16,1100,"Gold 3"
1685538430,"Wednesday, May 31, 2023 1:07 PM","Da Real Baman#buce",-22,1010,"Gold 2"
1685539481,"Wednesday, May 31, 2023 1:24 PM","ninicoco1#NA1",-13,1087,"Gold 2"
1685539481,"Wednesday, May 31, 2023 1:24 PM","Da Real Baman#buce",-16,1000,"Gold 2"
1685544466,"Wednesday, May 31, 2023 2:47 PM","Basil#007",7,1179,"Gold 3"
1685545297,"Wednesday, May 31, 2023 3:01 PM","pickle#169",-20,1600,"Diamond 2"
1685547223,"Wednesday, May 31, 2023 3:33 PM","Mamba0#NA1",31,897,"Silver 3"
1685547653,"Wednesday, May 31, 2023 3:40 PM","pickle#169",-16,1584,"Diamond 1"
1685548489,"Wednesday, May 31, 2023 3:54 PM","Basil#007",11,1190,"Gold 3"
1685548489,"Wednesday, May 31, 2023 3:54 PM","Da Real Baman#buce",16,1016,"Gold 2"
1685550933,"Wednesday, May 31, 2023 4:35 PM","Basil#007",-15,1175,"Gold 3"
1685550933,"Wednesday, May 31, 2023 4:35 PM","Da Real Baman#buce",-18,1000,"Gold 2"
1685554279,"Wednesday, May 31, 2023 5:31 PM","Basil#007",-27,1148,"Gold 3"
1685554279,"Wednesday, May 31, 2023 5:31 PM","Da Real Baman#buce",-15,985,"Gold 1"
1685557131,"Wednesday, May 31, 2023 6:18 PM","Basil#007",-17,1131,"Gold 3"
1685561266,"Wednesday, May 31, 2023 7:27 PM","ninicoco1#NA1",25,1112,"Gold 3"
1685561266,"Wednesday, May 31, 2023 7:27 PM","Basil#007",18,1149,"Gold 3"
1685564445,"Wednesday, May 31, 2023 8:20 PM","ninicoco1#NA1",14,1126,"Gold 3"
1685564445,"Wednesday, May 31, 2023 8:20 PM","Basil#007",22,1171,"Gold 3"
1685566319,"Wednesday, May 31, 2023 8:51 PM","Tigerfire77#SifS",19,1236,"Platinum 1"
1685567281,"Wednesday, May 31, 2023 9:08 PM","ninicoco1#NA1",-24,1102,"Gold 3"
1685567281,"Wednesday, May 31, 2023 9:08 PM","Basil#007",-22,1149,"Gold 3"
1685571105,"Wednesday, May 31, 2023 10:11 PM","S is for Salt#TF77",-21,1819,"Ascendant 1"
1685571784,"Wednesday, May 31, 2023 10:23 PM","Mamba0#NA1",12,910,"Gold 1"
1685574424,"Wednesday, May 31, 2023 11:07 PM","Mamba0#NA1",23,933,"Gold 1"
1685582287,"Thursday, June 1, 2023 1:18 AM","S is for Salt#TF77",-16,1803,"Ascendant 1"
1685582287,"Thursday, June 1, 2023 1:18 AM","finx80#6969",-19,1913,"Ascendant 2"
1685584899,"Thursday, June 1, 2023 2:01 AM","finx80#6969",18,1931,"Ascendant 2"